GENE,CHR,STR,shortIS,shortIE,longIS,longIE,POS,REF,ALT,ID,CLNSIG,ORIGIN,MC,INFO
MPI,15,+,74890090.0,74890552.0,74890090.0,74890555.0,74890553,C,T,2769293,Pathogenic,germline,"['nonsense', '5_prime_UTR_variant', 'intron_variant']","ALLELEID=2923568;CLNDISDB=MONDO:MONDO:0011257,MedGen:C1865145,OMIM:602579,Orphanet:79319;CLNDN=MPI-congenital_disorder_of_glycosylation;CLNHGVS=NC_000015.10:g.74890553C>T;CLNREVSTAT=criteria_provided,_single_submitter;CLNSIG=Pathogenic;CLNSIGSCV=SCV004334060;CLNVC=single_nucleotide_variant;CLNVCSO=SO:0001483;CLNVI=ClinGen:CA393169015;GENEINFO=MPI:4351;MC=SO:0001587|nonsense,SO:0001623|5_prime_UTR_variant,SO:0001627|intron_variant;ORIGIN=1;RS=2505811178"
PKD1,16,-,2097781.0,2097867.0,2097778.0,2097867.0,2097780,G,A,1179107,Pathogenic,germline,"['nonsense', 'intron_variant']","ALLELEID=1168702;CLNDISDB=MONDO:MONDO:0008263,MedGen:C3149841,OMIM:173900;CLNDN=Polycystic_kidney_disease,_adult_type;CLNHGVS=NC_000016.10:g.2097780G>A;CLNREVSTAT=criteria_provided,_multiple_submitters,_no_conflicts;CLNSIG=Pathogenic;CLNSIGSCV=SCV001752626|SCV003839159;CLNVC=single_nucleotide_variant;CLNVCSO=SO:0001483;CLNVI=ClinGen:CA394347750;GENEINFO=PKD1:5310;MC=SO:0001587|nonsense,SO:0001627|intron_variant;ORIGIN=1;RS=2151728536"
BRCA1,17,-,43082576.0,43090943.0,43082573.0,43090943.0,43082575,G,A,55135,Pathogenic,germline,"['nonsense', 'non-coding_transcript_variant']","ALLELEID=69802;CLNDISDB=MONDO:MONDO:0011450,MedGen:C2676676,OMIM:604370,Orphanet:145|MedGen:C3661900|MONDO:MONDO:0003582,MeSH:D061325,MedGen:C0677776,Orphanet:145|MONDO:MONDO:0015356,MeSH:D009386,MedGen:C0027672,Orphanet:140162;CLNDN=Breast-ovarian_cancer,_familial,_susceptibility_to,_1|not_provided|Hereditary_breast_ovarian_cancer_syndrome|Hereditary_cancer-predisposing_syndrome;CLNHGVS=NC_000017.11:g.43082575G>A;CLNREVSTAT=reviewed_by_expert_panel;CLNSIG=Pathogenic;CLNSIGSCV=SCV000783164;CLNVC=single_nucleotide_variant;CLNVCSO=SO:0001483;CLNVI=ClinGen:CA002700;GENEINFO=BRCA1:672;MC=SO:0001587|nonsense,SO:0001619|non-coding_transcript_variant;ORIGIN=1;RS=80357011"
DIS3L2,2,+,232300120.0,232329882.0,232300120.0,232329885.0,232329883,C,T,970918,Pathogenic,germline,"['nonsense', 'non-coding_transcript_variant', 'intron_variant']","ALLELEID=952974;CLNDISDB=MONDO:MONDO:0009965,MedGen:C0796113,OMIM:267000,Orphanet:2849;CLNDN=Perlman_syndrome;CLNHGVS=NC_000002.12:g.232329883C>T;CLNREVSTAT=criteria_provided,_multiple_submitters,_no_conflicts;CLNSIG=Pathogenic;CLNSIGSCV=SCV001419943|SCV001746612|SCV004193940;CLNVC=single_nucleotide_variant;CLNVCSO=SO:0001483;CLNVI=ClinGen:CA350976068;GENEINFO=DIS3L2:129563;MC=SO:0001587|nonsense,SO:0001619|non-coding_transcript_variant,SO:0001627|intron_variant;ORIGIN=1;RS=1695684357"
SCN1A,2,-,166045328.0,166046769.0,166045325.0,166046769.0,166045327,G,A,620092,Pathogenic,germline,"['nonsense', 'non-coding_transcript_variant', '5_prime_UTR_variant', 'intron_variant']","ALLELEID=611541;CLNDISDB=MedGen:CN517202;CLNDN=not_provided;CLNHGVS=NC_000002.12:g.166045327G>A;CLNREVSTAT=criteria_provided,_single_submitter;CLNSIG=Pathogenic;CLNSIGSCV=SCV000890178;CLNVC=single_nucleotide_variant;CLNVCSO=SO:0001483;CLNVI=ClinGen:CA349069992;GENEINFO=SCN1A:6323;MC=SO:0001587|nonsense,SO:0001619|non-coding_transcript_variant,SO:0001623|5_prime_UTR_variant,SO:0001627|intron_variant;ORIGIN=1;RS=1559221910"
AIRE,21,+,44290069.0,44291094.0,44290069.0,44291097.0,44291095,A,T,983806,Likely_pathogenic,unknown,['nonsense'],"ALLELEID=972364;CLNDISDB=MONDO:MONDO:0009411,MedGen:C0085859,OMIM:240300,Orphanet:3453;CLNDN=Polyglandular_autoimmune_syndrome,_type_1;CLNHGVS=NC_000021.9:g.44291095A>T;CLNREVSTAT=criteria_provided,_single_submitter;CLNSIG=Likely_pathogenic;CLNSIGSCV=SCV001441902;CLNVC=single_nucleotide_variant;CLNVCSO=SO:0001483;CLNVI=ClinGen:CA410424787;GENEINFO=AIRE:326;MC=SO:0001587|nonsense;ORIGIN=0;RS=2040534254"
SCN5A,3,-,38579496.0,38580930.0,38579493.0,38580930.0,38579495,G,A,3699241,Pathogenic,germline,"['nonsense', 'non-coding_transcript_variant', 'intron_variant']","ALLELEID=3833419;CLNDISDB=MedGen:C3661900;CLNDN=not_provided;CLNHGVS=NC_000003.12:g.38579495G>A;CLNREVSTAT=criteria_provided,_single_submitter;CLNSIG=Pathogenic;CLNSIGSCV=SCV005806799;CLNVC=single_nucleotide_variant;CLNVCSO=SO:0001483;GENEINFO=SCN5A:6331|LOC110121269:110121269;MC=SO:0001587|nonsense,SO:0001619|non-coding_transcript_variant,SO:0001627|intron_variant;ORIGIN=1"
VPS13B,8,+,99384318.0,99391556.0,99384318.0,99391559.0,99391557,C,T,2760550,Pathogenic,germline,['nonsense'],"ALLELEID=2921730;CLNDISDB=MONDO:MONDO:0008999,MedGen:C0265223,OMIM:216550,Orphanet:193;CLNDN=Cohen_syndrome;CLNHGVS=NC_000008.11:g.99391557C>T;CLNREVSTAT=criteria_provided,_single_submitter;CLNSIG=Pathogenic;CLNSIGSCV=SCV004328261;CLNVC=single_nucleotide_variant;CLNVCSO=SO:0001483;CLNVI=ClinGen:CA371865567;GENEINFO=VPS13B:157680;MC=SO:0001587|nonsense;ORIGIN=1;RS=2489874915"
FKTN,9,+,105607952.0,105615277.0,105607952.0,105615280.0,105615278,C,T,3655277,Pathogenic,germline,"['nonsense', 'non-coding_transcript_variant']","ALLELEID=3789420;CLNDISDB=MONDO:MONDO:0000171,MedGen:C0265221,OMIM:PS236670,Orphanet:899;CLNDN=Walker-Warburg_congenital_muscular_dystrophy;CLNHGVS=NC_000009.12:g.105615278C>T;CLNREVSTAT=criteria_provided,_single_submitter;CLNSIG=Pathogenic;CLNSIGSCV=SCV005754373;CLNVC=single_nucleotide_variant;CLNVCSO=SO:0001483;GENEINFO=FKTN:2218;MC=SO:0001587|nonsense,SO:0001619|non-coding_transcript_variant;ORIGIN=1"
