ID,GeneID,geneSymbol,chr,strand,longExonStart_0base,longExonEnd,shortES,shortEE,flankingES,flankingEE,ID.1,IJC_SAMPLE_1,SJC_SAMPLE_1,IJC_SAMPLE_2,SJC_SAMPLE_2,IncFormLen,SkipFormLen,PValue,FDR,IncLevel1,IncLevel2,IncLevelDifference,Distance,MeanCounts_SAMPLE_1,MeanCounts_SAMPLE_2,event_id
385,ENSG00000125753,VASP,chr19,+,45523840,45523877,45523843,45523877,45523643,45523695,385,"107,118,133","10,13,16","81,92,57","22,24,28",152,149,3.97918145989e-06,0.0001495426797579,"0.913,0.899,0.891","0.783,0.79,0.666",0.155,3,132.33333333333331,101.33333333333334,VASP_chr19_+_45523840_45523877_45523843_45523877_45523643_45523695_3
747,ENSG00000167685,ZNF444,chr19,+,56159623,56160893,56159626,56160893,56158493,56158602,747,"81,80,63","48,34,41","47,37,65","42,60,69",152,149,0.000322454213273,0.0065082326714449,"0.623,0.698,0.601","0.523,0.377,0.48",0.181,3,115.66666666666667,106.66666666666666,ZNF444_chr19_+_56159623_56160893_56159626_56160893_56158493_56158602_3
1446,ENSG00000170004,CHD3,chr17,+,7907890,7908019,7907893,7908019,7907352,7907488,1446,"19,34,34","58,70,55","11,9,15","74,50,54",152,149,0.000318607921421,0.0064560690295071,"0.243,0.323,0.377","0.127,0.15,0.214",0.151,3,90.0,71.0,CHD3_chr17_+_7907890_7908019_7907893_7908019_7907352_7907488_3
2461,ENSG00000089280,FUS,chr16,+,31183857,31184002,31183860,31184002,31182397,31182422,2461,"21,21,25","0,0,0","46,56,40","4,4,4",152,149,0.000352544108772,0.0069644476159534,"1.0,1.0,1.0","0.919,0.932,0.907",0.081,3,22.333333333333332,51.333333333333336,FUS_chr16_+_31183857_31184002_31183860_31184002_31182397_31182422_3
3101,ENSG00000092199,HNRNPC,chr14,-,21211405,21211566,21211405,21211563,21211809,21211923,3101,"4387,4177,4300","126,95,174","3486,3444,3418","173,144,156",152,149,0.000158481136908,0.0036197771515178,"0.972,0.977,0.96","0.952,0.959,0.956",0.014,3,4419.666666666667,3607.0,HNRNPC_chr14_-_21211405_21211566_21211405_21211563_21211809_21211923_3
5558,ENSG00000010295,IFFO1,chr12,-,6548064,6548160,6548064,6548157,6548424,6548545,5558,"49,45,39","23,28,18","36,28,31","34,35,44",152,149,0.000152464116351,0.0035230599666094,"0.676,0.612,0.68","0.509,0.44,0.409",0.203,3,67.33333333333334,69.33333333333333,IFFO1_chr12_-_6548064_6548160_6548064_6548157_6548424_6548545_3
6776,ENSG00000116141,MARK1,chr1,+,220653097,220653352,220653100,220653352,220651985,220652150,6776,"8,5,5","25,29,20","1,1,1","22,16,14",152,149,0.00046484931335,0.0087602265626345,"0.239,0.145,0.197","0.043,0.058,0.065",0.138,3,30.666666666666668,18.333333333333332,MARK1_chr1_+_220653097_220653352_220653100_220653352_220651985_220652150_3
6925,ENSG00000111011,RSRC2,chr12,-,122508217,122508450,122508217,122508447,122511108,122511188,6925,"190,190,207","156,221,196","139,170,159","291,316,305",152,149,4.44131120769e-09,3.1561067769647064e-07,"0.544,0.457,0.509","0.319,0.345,0.338",0.169,3,386.66666666666663,460.0,RSRC2_chr12_-_122508217_122508450_122508217_122508447_122511108_122511188_3
8811,ENSG00000116560,SFPQ,chr1,-,35176377,35176474,35176377,35176471,35177318,35177399,8811,"65,70,80","49,52,55","43,58,58","106,116,102",152,149,1.72897141049e-10,1.5796932538878722e-08,"0.565,0.569,0.588","0.285,0.329,0.358",0.25,3,123.66666666666667,161.0,SFPQ_chr1_-_35176377_35176474_35176377_35176471_35177318_35177399_3
8836,ENSG00000138386,NAB1,chr2,+,190685475,190685638,190685478,190685638,190683737,190683827,8836,"47,41,70","6,6,8","24,24,21","8,8,14",152,149,0.000351906383812,0.0069644476159534,"0.885,0.87,0.896","0.746,0.746,0.595",0.188,3,59.33333333333333,33.0,NAB1_chr2_+_190685475_190685638_190685478_190685638_190683737_190683827_3
9383,ENSG00000117477,CCDC181,chr1,-,169397236,169397391,169397236,169397388,169419012,169419159,9383,"24,23,35","6,8,2","42,29,37","19,29,22",152,149,0.000444191389291,0.0084487183766074,"0.797,0.738,0.945","0.684,0.495,0.622",0.226,3,32.666666666666664,59.33333333333333,CCDC181_chr1_-_169397236_169397391_169397236_169397388_169419012_169419159_3
10537,ENSG00000166478,ZNF143,chr11,+,9474549,9474633,9474552,9474633,9473940,9474024,10537,"44,35,31","20,25,18","17,15,13","27,27,17",152,149,8.197741608e-05,0.0021077258762478,"0.683,0.578,0.628","0.382,0.353,0.428",0.242,3,57.666666666666664,38.66666666666667,ZNF143_chr11_+_9474549_9474633_9474552_9474633_9473940_9474024_3
13005,ENSG00000041988,THAP3,chr1,+,6630287,6630353,6630290,6630353,6628498,6628691,13005,"74,77,87","16,15,10","52,51,52","39,25,27",152,149,7.25770900045e-08,4.126007566755825e-06,"0.819,0.834,0.895","0.567,0.667,0.654",0.22,3,93.0,82.0,THAP3_chr1_+_6630287_6630353_6630290_6630353_6628498_6628691_3
13781,ENSG00000147789,ZNF7,chr8,+,144837390,144837507,144837393,144837507,144829477,144829604,13781,"33,39,39","2,1,1","43,24,21","9,6,9",152,149,1.42572489759e-06,5.882839869773576e-05,"0.942,0.975,0.975","0.824,0.797,0.696",0.192,3,38.333333333333336,37.33333333333333,ZNF7_chr8_+_144837390_144837507_144837393_144837507_144829477_144829604_3
13897,ENSG00000249859,PVT1,chr8,+,128096517,128096654,128096520,128096654,127989161,127989291,13897,"13,16,11","1,0,0","33,41,36","10,8,3",152,149,1.81698563081e-05,0.0005566830526969,"0.927,1.0,1.0","0.764,0.834,0.922",0.136,3,13.666666666666668,43.666666666666664,PVT1_chr8_+_128096517_128096654_128096520_128096654_127989161_127989291_3
13916,ENSG00000179950,PUF60,chr8,-,143824312,143824399,143824312,143824396,143829279,143829315,13916,"264,285,270","67,64,64","291,306,222","128,129,106",152,149,1.26173981685e-06,5.335282456952914e-05,"0.794,0.814,0.805","0.69,0.699,0.672",0.117,3,338.0,394.0,PUF60_chr8_-_143824312_143824399_143824312_143824396_143829279_143829315_3
14523,ENSG00000165699,TSC1,chr9,-,132909806,132910692,132909806,132910689,132911001,132911113,14523,"38,24,33","7,11,6","20,9,10","12,9,15",152,149,0.000480115040452,0.0089531101828077,"0.842,0.681,0.844","0.62,0.495,0.395",0.286,3,39.66666666666667,25.0,TSC1_chr9_-_132909806_132910692_132909806_132910689_132911001_132911113_3
14572,ENSG00000198561,CTNND1,chr11,+,57816296,57818445,57816299,57818445,57815393,57815500,14572,"126,180,159","12,4,9","153,101,138","8,23,22",152,149,0.000437474010907,0.0083500546678256,"0.911,0.978,0.945","0.949,0.811,0.86",0.071,3,163.33333333333334,148.33333333333331,CTNND1_chr11_+_57816296_57818445_57816299_57818445_57815393_57815500_3
16204,ENSG00000197111,PCBP2,chr12,+,53468776,53468832,53468779,53468832,53467220,53467293,16204,"462,468,418","32,48,46","291,272,264","60,56,43",152,149,1.76045736422e-06,7.148714368279071e-05,"0.934,0.905,0.899","0.826,0.826,0.858",0.076,3,491.3333333333333,328.6666666666667,PCBP2_chr12_+_53468776_53468832_53468779_53468832_53467220_53467293_3
16240,ENSG00000196498,NCOR2,chr12,-,124429612,124429706,124429612,124429703,124430614,124430787,16240,"49,40,27","3,6,8","17,23,17","0,1,1",152,149,0.000261206076693,0.0055339995503094,"0.941,0.867,0.768","1.0,0.958,0.943",-0.108,3,44.33333333333333,19.666666666666668,NCOR2_chr12_-_124429612_124429706_124429612_124429703_124430614_124430787_3
