ID,GeneID,geneSymbol,chr,strand,riExonStart_0base,riExonEnd,upstreamES,upstreamEE,downstreamES,downstreamEE,ID.1,IJC_SAMPLE_1,SJC_SAMPLE_1,IJC_SAMPLE_2,SJC_SAMPLE_2,IncFormLen,SkipFormLen,PValue,FDR,IncLevel1,IncLevel2,IncLevelDifference,Distance,MeanCounts_SAMPLE_1,MeanCounts_SAMPLE_2,event_id
31,ENSG00000185917,SETD4,chr21,-,36034540,36036251,36034540,36035960,36036084,36036251,31,"8,11,11","18,21,13","31,25,29","22,9,21",273,149,0.00085368203073,0.0067283860688402,"0.195,0.222,0.316","0.435,0.603,0.43",-0.245,124,27.333333333333332,45.666666666666664,SETD4_chr21_-_36034540_36036251_36034540_36035960_36036084_36036251_124
48,ENSG00000185133,INPP5J,chr22,+,31126612,31127532,31126612,31126721,31127356,31127532,48,"21,17,7","0,2,0","20,15,19","6,6,3",784,149,6.18140077014e-05,0.0008114176785592,"1.0,0.618,1.0","0.388,0.322,0.546",0.454,635,15.666666666666666,23.0,INPP5J_chr22_+_31126612_31127532_31126612_31126721_31127356_31127532_635
131,ENSG00000100241,SBF1,chr22,-,50467337,50467693,50467337,50467448,50467540,50467693,131,"21,13,22","10,23,14","16,17,18","5,1,2",241,149,0.000215177600503,0.0022344905144155,"0.565,0.259,0.493","0.664,0.913,0.848",-0.369,92,34.333333333333336,19.666666666666668,SBF1_chr22_-_50467337_50467693_50467337_50467448_50467540_50467693_92
244,ENSG00000105677,TMEM147,chr19,+,35546671,35547240,35546671,35546808,35547118,35547240,244,"42,47,36","2,0,0","98,58,68","9,12,3",459,149,1.06454271475e-05,0.0001894327083812,"0.872,1.0,1.0","0.779,0.611,0.88",0.201,310,42.33333333333333,82.66666666666667,TMEM147_chr19_+_35546671_35547240_35546671_35546808_35547118_35547240_310
295,ENSG00000105397,TYK2,chr19,-,10353527,10354234,10353527,10353646,10354041,10354234,295,"101,101,87","57,60,76","162,138,139","46,49,37",544,149,8.81639800498e-07,2.106893061702913e-05,"0.327,0.316,0.239","0.491,0.435,0.507",-0.184,395,160.66666666666666,190.33333333333334,TYK2_chr19_-_10353527_10354234_10353527_10353646_10354041_10354234_395
301,ENSG00000105699,LSR,chr19,+,35266678,35266967,35266678,35266738,35266835,35266967,301,"2,2,6","67,62,59","27,33,37","90,87,65",246,149,1.04838360215e-12,1.0707874161137535e-10,"0.018,0.019,0.058","0.154,0.187,0.256",-0.167,97,66.0,113.0,LSR_chr19_+_35266678_35266967_35266678_35266738_35266835_35266967_97
302,ENSG00000105699,LSR,chr19,+,35266678,35266967,35266678,35266738,35266838,35266967,302,"3,3,8","11,11,4","30,34,37","8,8,6",249,149,1.57605507558e-05,0.0002628873969468,"0.14,0.14,0.545","0.692,0.718,0.787",-0.457,100,13.333333333333332,41.0,LSR_chr19_+_35266678_35266967_35266678_35266738_35266838_35266967_100
382,ENSG00000099624,ATP5F1D,chr19,+,1244314,1244825,1244314,1244440,1244736,1244825,382,"503,467,490","203,210,221","483,463,473","114,114,101",445,149,1.96080309767e-08,7.237498958528474e-07,"0.453,0.427,0.426","0.587,0.576,0.611",-0.156,296,698.0,582.6666666666666,ATP5F1D_chr19_+_1244314_1244825_1244314_1244440_1244736_1244825_296
398,ENSG00000170889,RPS9,chr19,+,54206275,54206724,54206275,54206462,54206552,54206724,398,"106,103,123","263,258,246","203,192,182","158,169,188",239,149,2.10942374679e-15,3.419100751318748e-13,"0.201,0.199,0.238","0.445,0.415,0.376",-0.199,90,366.3333333333333,364.0,RPS9_chr19_+_54206275_54206724_54206275_54206462_54206552_54206724_90
399,ENSG00000170889,RPS9,chr19,+,54206552,54207647,54206552,54206724,54207397,54207647,399,"232,265,311","230,246,205","483,435,502","163,147,182",822,149,3.33066907388e-16,6.367556055089559e-14,"0.155,0.163,0.216","0.349,0.349,0.333",-0.166,673,496.3333333333333,637.3333333333333,RPS9_chr19_+_54206552_54207647_54206552_54206724_54207397_54207647_673
568,ENSG00000064545,TMEM161A,chr19,-,19132351,19132754,19132351,19132433,19132656,19132754,568,"151,149,149","5,7,9","119,121,104","10,18,20",372,149,9.80992083391e-05,0.0011778223790279,"0.924,0.895,0.869","0.827,0.729,0.676",0.152,223,156.66666666666666,130.66666666666669,TMEM161A_chr19_-_19132351_19132754_19132351_19132433_19132656_19132754_223
730,ENSG00000088970,KIZ,chr20,+,21244244,21246622,21244244,21244288,21246478,21246622,730,"269,351,316","18,14,19","111,128,152","20,24,14",2339,149,8.45552908795e-05,0.0010472495827201,"0.488,0.615,0.514","0.261,0.254,0.409",0.231,2190,329.0,149.66666666666669,KIZ_chr20_+_21244244_21246622_21244244_21244288_21246478_21246622_2190
765,ENSG00000105426,PTPRS,chr19,-,5218419,5219467,5218419,5218532,5219309,5219467,765,"70,70,75","31,28,21","33,23,34","26,29,32",926,149,8.63391641892e-06,0.0001593427743056,"0.267,0.287,0.365","0.17,0.113,0.146",0.163,777,98.33333333333334,59.0,PTPRS_chr19_-_5218419_5219467_5218419_5218532_5219309_5219467_777
831,ENSG00000220205,VAMP2,chr17,-,8160405,8161524,8160405,8160871,8161472,8161524,831,"110,171,146","143,95,102","239,225,219","74,65,78",750,149,3.64071517378e-09,1.675627921957017e-07,"0.133,0.263,0.221","0.391,0.407,0.358",-0.18,601,255.66666666666669,300.0,VAMP2_chr17_-_8160405_8161524_8160405_8160871_8161472_8161524_601
941,ENSG00000178971,CTC1,chr17,-,8229890,8230468,8229890,8230348,8230446,8230468,941,"41,48,26","0,0,0","26,38,34","4,5,3",247,149,2.01174283776e-06,4.492017290797988e-05,"1.0,1.0,1.0","0.797,0.821,0.872",0.17,98,38.333333333333336,36.666666666666664,CTC1_chr17_-_8229890_8230468_8229890_8230348_8230446_8230468_98
956,ENSG00000108604,SMARCD2,chr17,-,63833068,63833722,63833068,63833170,63833586,63833722,956,"10,12,10","1,0,0","10,9,10","1,3,2",565,149,7.69860534601e-05,0.0009712487556658,"0.725,1.0,1.0","0.725,0.442,0.569",0.33,416,11.0,11.666666666666666,SMARCD2_chr17_-_63833068_63833722_63833068_63833170_63833586_63833722_416
984,ENSG00000270647,TAF15,chr17,+,35820023,35820437,35820023,35820075,35820331,35820437,984,"26,26,23","1,1,2","41,37,26","20,13,19",405,149,3.91737130512e-08,1.3459871175564389e-06,"0.905,0.905,0.809","0.43,0.512,0.335",0.447,256,26.333333333333332,52.0,TAF15_chr17_+_35820023_35820437_35820023_35820075_35820331_35820437_256
1009,ENSG00000169733,RFNG,chr17,-,82049676,82050006,82049676,82049842,82049917,82050006,1009,"66,58,46","115,115,117","98,86,82","52,44,46",224,149,0.0,0.0,"0.276,0.251,0.207","0.556,0.565,0.542",-0.31,75,172.33333333333334,136.0,RFNG_chr17_-_82049676_82050006_82049676_82049842_82049917_82050006_75
1010,ENSG00000169733,RFNG,chr17,-,82049676,82050555,82049676,82050006,82050401,82050555,1010,"160,191,152","106,96,100","185,183,153","68,35,60",544,149,0.000547748819526,0.004721241008412,"0.293,0.353,0.294","0.427,0.589,0.411",-0.162,395,268.3333333333333,228.0,RFNG_chr17_-_82049676_82050555_82049676_82050006_82050401_82050555_395
1034,ENSG00000167861,HID1,chr17,-,74958326,74958763,74958326,74958478,74958672,74958763,1034,"2,0,9","24,22,9","13,8,8","9,10,8",343,149,0.000206122982902,0.0021676346410681,"0.035,0.0,0.303","0.386,0.258,0.303",-0.203,194,22.0,18.666666666666664,HID1_chr17_-_74958326_74958763_74958326_74958478_74958672_74958763_194
1060,ENSG00000177303,CASKIN2,chr17,-,75503388,75503760,75503388,75503527,75503658,75503760,1060,"1,5,5","21,19,26","14,16,8","17,25,15",280,149,6.56390777182e-05,0.0008511390668989,"0.025,0.123,0.093","0.305,0.254,0.221",-0.18,131,25.666666666666668,31.666666666666664,CASKIN2_chr17_-_75503388_75503760_75503388_75503527_75503658_75503760_131
1074,ENSG00000131462,TUBG1,chr17,+,42610422,42612143,42610422,42610629,42612074,42612143,1074,"66,78,78","1,1,2","101,93,96","13,9,11",1594,149,3.25143610858e-06,6.790674404922262e-05,"0.861,0.879,0.785","0.421,0.491,0.449",0.388,1445,75.33333333333333,107.66666666666667,TUBG1_chr17_+_42610422_42612143_42610422_42610629_42612074_42612143_1445
1120,ENSG00000131470,PSMC3IP,chr17,-,42573477,42574210,42573477,42573623,42574195,42574210,1120,"158,217,192","35,44,43","175,166,165","96,99,106",721,149,2.6687541065900004e-12,2.48727882734188e-10,"0.483,0.505,0.48","0.274,0.257,0.243",0.231,572,229.66666666666666,269.0,PSMC3IP_chr17_-_42573477_42574210_42573477_42573623_42574195_42574210_572
1156,ENSG00000185359,HGS,chr17,+,81696606,81696998,81696606,81696747,81696823,81696998,1156,"15,12,13","157,147,158","47,42,55","107,123,127",225,149,1.4432899320099999e-15,2.445720393878764e-13,"0.06,0.051,0.052","0.225,0.184,0.223",-0.156,76,167.33333333333334,167.0,HGS_chr17_+_81696606_81696998_81696606_81696747_81696823_81696998_76
1176,ENSG00000109103,UNC119,chr17,-,28546707,28547849,28546707,28547409,28547676,28547849,1176,"28,42,42","54,67,73","79,79,73","46,64,38",416,149,3.71382393727e-08,1.2819570035317183e-06,"0.157,0.183,0.171","0.381,0.307,0.408",-0.195,267,102.0,126.33333333333334,UNC119_chr17_-_28546707_28547849_28546707_28547409_28547676_28547849_267
1231,ENSG00000187838,PLSCR3,chr17,-,7393143,7393509,7393143,7393364,7393466,7393509,1231,"3,5,2","27,33,33","8,8,17","11,25,17",251,149,5.77327305851e-06,0.0001103731382673,"0.062,0.083,0.035","0.302,0.16,0.372",-0.218,102,34.333333333333336,28.666666666666668,PLSCR3_chr17_-_7393143_7393509_7393143_7393364_7393466_7393509_102
1291,ENSG00000103275,UBE2I,chr16,+,1315653,1320283,1315653,1315726,1319701,1320283,1291,"466,512,417","4,0,3","488,449,516","9,7,11",4124,149,0.000438889121889,0.0039189907698256,"0.808,1.0,0.834","0.662,0.699,0.629",0.217,3975,467.3333333333333,493.3333333333333,UBE2I_chr16_+_1315653_1320283_1315653_1315726_1319701_1320283_3975
1294,ENSG00000103275,UBE2I,chr16,+,1319701,1320283,1319701,1319990,1320173,1320283,1294,"55,61,60","0,0,0","73,55,51","11,14,12",332,149,4.618527782439999e-14,6.2610442083404804e-12,"1.0,1.0,1.0","0.749,0.638,0.656",0.319,183,58.666666666666664,72.0,UBE2I_chr16_+_1319701_1320283_1319701_1319990_1320173_1320283_183
1382,ENSG00000140983,RHOT2,chr16,+,668352,668699,668352,668411,668655,668699,1382,"75,91,71","7,4,5","78,69,72","11,22,13",393,149,0.000318002552172,0.0030593897148315,"0.802,0.896,0.843","0.729,0.543,0.677",0.197,244,84.33333333333333,88.33333333333333,RHOT2_chr16_+_668352_668699_668352_668411_668655_668699_244
1396,ENSG00000127580,WDR24,chr16,-,685868,686186,685868,685990,686067,686186,1396,"8,14,18","17,31,38","34,23,28","31,19,21",226,149,0.000173084791571,0.0018978238322843,"0.237,0.229,0.238","0.42,0.444,0.468",-0.209,77,42.0,52.0,WDR24_chr16_-_685868_686186_685868_685990_686067_686186_77
1453,ENSG00000130304,SLC27A1,chr19,+,17486562,17487335,17486562,17486957,17487173,17487335,1453,"6,10,7","6,6,4","9,12,14","2,1,2",365,149,0.001258203178,0.0092516399360631,"0.29,0.405,0.417","0.648,0.83,0.741",-0.369,216,13.0,13.333333333333332,SLC27A1_chr19_+_17486562_17487335_17486562_17486957_17487173_17487335_216
1498,ENSG00000125124,BBS2,chr16,-,56501352,56502456,56501352,56501497,56501944,56502456,1498,"22,12,25","0,1,0","16,21,27","3,0,3",596,149,0.00109003481822,0.0082510655884754,"1.0,0.75,1.0","0.571,1.0,0.692",0.162,447,20.0,23.333333333333332,BBS2_chr16_-_56501352_56502456_56501352_56501497_56501944_56502456_447
1540,ENSG00000038358,EDC4,chr16,+,67881667,67882109,67881667,67881845,67881953,67882109,1540,"37,49,38","93,78,81","114,75,71","93,65,74",257,149,4.1096685266e-07,1.0602660392501591e-05,"0.187,0.267,0.214","0.415,0.401,0.357",-0.168,108,125.33333333333334,164.0,EDC4_chr16_+_67881667_67882109_67881667_67881845_67881953_67882109_108
1577,ENSG00000168676,KCTD19,chr16,-,67301790,67303337,67301790,67301922,67303145,67303337,1577,"17,28,34","7,5,6","10,12,22","0,0,0",1372,149,4.36510827484e-11,3.222400722495746e-09,"0.209,0.378,0.381","1.0,1.0,1.0",-0.677,1223,32.33333333333333,14.666666666666666,KCTD19_chr16_-_67301790_67303337_67301790_67301922_67303145_67303337_1223
1612,ENSG00000197912,SPG7,chr16,+,89545871,89546760,89545871,89546181,89546657,89546760,1612,"26,23,23","0,6,4","16,7,11","1,0,0",625,149,0.00013066178247,0.0014987911539943,"1.0,0.477,0.578","0.792,1.0,1.0",-0.246,476,27.333333333333332,11.666666666666668,SPG7_chr16_+_89545871_89546760_89545871_89546181_89546657_89546760_476
1613,ENSG00000197912,SPG7,chr16,+,89554485,89556085,89554485,89554563,89555877,89556085,1613,"74,82,93","0,1,0","39,50,67","2,3,1",1463,149,0.000366343395105,0.0034228776364697,"1.0,0.893,1.0","0.665,0.629,0.872",0.242,1314,83.33333333333333,54.0,SPG7_chr16_+_89554485_89556085_89554485_89554563_89555877_89556085_1314
1628,ENSG00000125170,DOK4,chr16,-,57471921,57473736,57471921,57473495,57473612,57473736,1628,"12,7,5","21,20,22","15,17,12","8,4,12",266,149,0.000130911379622,0.0014993475368074,"0.242,0.164,0.113","0.512,0.704,0.359",-0.352,117,29.0,22.666666666666664,DOK4_chr16_-_57471921_57473736_57471921_57473495_57473612_57473736_117
1634,ENSG00000214078,CPNE1,chr20,-,35630438,35631034,35630438,35630490,35630900,35631034,1634,"103,125,100","13,7,5","87,93,79","23,15,18",559,149,0.000238315374659,0.0024175230387176,"0.679,0.826,0.842","0.502,0.623,0.539",0.228,410,117.66666666666666,105.0,CPNE1_chr20_-_35630438_35631034_35630438_35630490_35630900_35631034_410
1689,ENSG00000123154,WDR83,chr19,+,12669754,12670080,12669754,12669893,12669976,12670080,1689,"8,8,26","79,88,90","57,61,37","113,95,101",232,149,7.57550953079e-08,2.3340082256847208e-06,"0.061,0.055,0.156","0.245,0.292,0.19",-0.152,83,99.66666666666667,154.66666666666666,WDR83_chr19_+_12669754_12670080_12669754_12669893_12669976_12670080_83
1739,ENSG00000182253,SYNM,chr15,+,99129366,99135593,99129366,99131813,99132749,99135593,1739,"68,43,62","0,2,0","42,34,26","2,3,2",1085,149,0.000439577182668,0.0039204395621681,"1.0,0.747,1.0","0.743,0.609,0.641",0.251,936,58.33333333333333,36.333333333333336,SYNM_chr15_+_99129366_99135593_99129366_99131813_99132749_99135593_936
1920,ENSG00000140474,ULK3,chr15,-,74840233,74840641,74840233,74840316,74840497,74840641,1920,"80,81,81","84,71,75","111,104,96","51,62,41",330,149,3.78372757305e-05,0.0005467339686949,"0.301,0.34,0.328","0.496,0.431,0.514",-0.157,181,157.33333333333334,155.0,ULK3_chr15_-_74840233_74840641_74840233_74840316_74840497_74840641_181
1924,ENSG00000140474,ULK3,chr15,-,74842279,74842676,74842279,74842420,74842534,74842676,1924,"10,10,20","2,15,3","17,17,12","2,1,0",263,149,0.000463766795116,0.0041115876627644,"0.739,0.274,0.791","0.828,0.906,1.0",-0.31,114,20.0,16.333333333333336,ULK3_chr15_-_74842279_74842676_74842279_74842420_74842534_74842676_114
1929,ENSG00000140464,PML,chr15,+,74034477,74036394,74034477,74034530,74035171,74036394,1929,"69,82,51","31,34,28","115,112,108","30,22,25",790,149,0.000286984953124,0.0028229021246603,"0.296,0.313,0.256","0.42,0.49,0.449",-0.165,641,98.33333333333333,137.33333333333334,PML_chr15_+_74034477_74036394_74034477_74034530_74035171_74036394_641
1949,ENSG00000100749,VRK1,chr14,+,96945048,96945403,96945048,96945150,96945237,96945403,1949,"1,6,6","6,7,7","14,3,11","3,0,3",236,149,0.000222251720263,0.0022923528582686,"0.095,0.351,0.351","0.747,1.0,0.698",-0.549,87,11.0,11.333333333333334,VRK1_chr14_+_96945048_96945403_96945048_96945150_96945237_96945403_87
1983,ENSG00000213928,IRF9,chr14,+,24163377,24165962,24163377,24164955,24165846,24165962,1983,"41,40,29","4,1,1","30,39,30","14,11,5",1040,149,0.000176385670324,0.0019199000845777,"0.595,0.851,0.806","0.235,0.337,0.462",0.406,891,38.666666666666664,43.0,IRF9_chr14_+_24163377_24165962_24163377_24164955_24165846_24165962_891
2042,ENSG00000100429,HDAC10,chr22,-,50245674,50246092,50245674,50245827,50245909,50246092,2042,"10,12,16","40,36,38","24,25,21","20,22,22",231,149,3.79832029007e-06,7.654128671016735e-05,"0.139,0.177,0.214","0.436,0.423,0.381",-0.237,82,50.666666666666664,44.666666666666664,HDAC10_chr22_-_50245674_50246092_50245674_50245827_50245909_50246092_82
2053,ENSG00000100473,COCH,chr14,+,30874558,30874972,30874558,30874591,30874915,30874972,2053,"194,206,185","28,24,31","118,127,128","51,48,39",473,149,3.15512536098e-08,1.1096516363899471e-06,"0.686,0.73,0.653","0.422,0.455,0.508",0.228,324,222.66666666666666,170.33333333333331,COCH_chr14_+_30874558_30874972_30874558_30874591_30874915_30874972_324
2074,ENSG00000139998,RAB15,chr14,-,64950324,64951151,64950324,64950414,64950942,64951151,2074,"14,14,15","3,5,4","25,23,19","0,1,2",677,149,0.000183747363192,0.0019769413275029,"0.507,0.381,0.452","1.0,0.835,0.676",-0.39,528,18.333333333333336,23.333333333333332,RAB15_chr14_-_64950324_64951151_64950324_64950414_64950942_64951151_528
2168,ENSG00000165959,CLMN,chr14,-,95193848,95194596,95193848,95193919,95194535,95194596,2168,"29,36,46","8,12,10","13,10,13","10,4,16",765,149,0.00121155207469,0.0089973428972994,"0.414,0.369,0.473","0.202,0.327,0.137",0.197,616,47.0,22.0,CLMN_chr14_-_95193848_95194596_95193848_95193919_95194535_95194596_616
2181,ENSG00000161914,ZNF653,chr19,-,11486986,11487903,11486986,11487158,11487291,11487903,2181,"1,5,6","21,30,18","11,11,8","15,23,14",282,149,0.000912646908005,0.0071253354409269,"0.025,0.081,0.15","0.279,0.202,0.232",-0.152,133,27.0,27.333333333333332,ZNF653_chr19_-_11486986_11487903_11486986_11487158_11487291_11487903_133
2208,ENSG00000129460,NGDN,chr14,+,23475170,23476152,23475170,23475308,23476028,23476152,2208,"18,33,31","0,0,0","32,31,31","2,11,2",869,149,1.26436960901e-08,5.041251232501903e-07,"1.0,1.0,1.0","0.733,0.326,0.727",0.405,720,27.333333333333332,36.33333333333333,NGDN_chr14_+_23475170_23476152_23475170_23475308_23476028_23476152_720
2258,ENSG00000173575,CHD2,chr15,+,92942842,92945865,92942842,92943068,92945820,92945865,2258,"13,21,9","0,1,0","10,22,18","5,2,4",2901,149,1.00601599826e-05,0.0001807435007958,"1.0,0.519,1.0","0.093,0.361,0.188",0.626,2752,14.666666666666668,20.333333333333336,CHD2_chr15_+_92942842_92945865_92942842_92943068_92945820_92945865_2752
2319,ENSG00000134899,ERCC5,chr13,+,102872197,102873343,102872197,102872398,102873258,102873343,2319,"8,9,7","36,36,46","43,42,52","34,43,22",1009,149,1.01141317543e-13,1.2781519722044203e-11,"0.032,0.036,0.022","0.157,0.126,0.259",-0.151,860,47.333333333333336,78.66666666666666,ERCC5_chr13_+_102872197_102873343_102872197_102872398_102873258_102873343_860
2350,ENSG00000293491,TMEM198B,chr12,+,55830840,55831349,55830840,55831083,55831256,55831349,2350,"13,23,15","1,4,3","30,27,19","0,2,0",322,149,0.000453298723188,0.0040319248422986,"0.857,0.727,0.698","1.0,0.862,1.0",-0.193,173,19.666666666666668,26.0,TMEM198B_chr12_+_55830840_55831349_55830840_55831083_55831256_55831349_173
2358,ENSG00000111271,ACAD10,chr12,+,111755667,111757099,111755667,111755745,111756332,111757099,2358,"21,7,21","21,25,23","28,39,25","17,16,15",736,149,0.000245911621733,0.0024760296578981,"0.168,0.054,0.156","0.25,0.33,0.252",-0.151,587,39.33333333333333,46.66666666666667,ACAD10_chr12_+_111755667_111757099_111755667_111755745_111756332_111757099_587
2359,ENSG00000033030,ZCCHC8,chr12,-,122483278,122483563,122483278,122483344,122483459,122483563,2359,"3,13,10","28,24,24","29,27,24","26,30,26",264,149,0.000266550768845,0.0026463415878939,"0.057,0.234,0.19","0.386,0.337,0.343",-0.195,115,34.0,54.0,ZCCHC8_chr12_-_122483278_122483563_122483278_122483344_122483459_122483563_115
2388,ENSG00000172432,GTPBP2,chr6,-,43624887,43625560,43624887,43625062,43625362,43625560,2388,"137,176,155","92,72,77","173,165,176","45,42,58",449,149,0.000158351107263,0.0017660199672136,"0.331,0.448,0.4","0.561,0.566,0.502",-0.15,300,236.33333333333331,219.66666666666669,GTPBP2_chr6_-_43624887_43625560_43624887_43625062_43625362_43625560_300
2412,ENSG00000146555,SDK1,chr7,+,4265123,4269000,4265123,4265248,4268677,4269000,2412,"203,191,170","2,2,5","148,122,104","0,0,0",3578,149,1.13913590805e-06,2.696316612832e-05,"0.809,0.799,0.586","1.0,1.0,1.0",-0.269,3429,191.0,124.66666666666667,SDK1_chr7_+_4265123_4269000_4265123_4265248_4268677_4269000_3429
2512,ENSG00000137070,IL11RA,chr9,+,34655217,34655665,34655217,34655317,34655604,34655665,2512,"8,8,10","17,14,15","11,16,23","7,6,12",436,149,0.000244750765268,0.002470917221841,"0.139,0.163,0.186","0.349,0.477,0.396",-0.245,287,24.0,25.0,IL11RA_chr9_+_34655217_34655665_34655217_34655317_34655604_34655665_287
2599,ENSG00000147050,KDM6A,chrX,+,45082575,45082789,45082575,45082640,45082714,45082789,2599,"5,6,4","45,40,37","29,30,17","43,45,43",223,149,5.29861198251e-08,1.740372288175972e-06,"0.069,0.091,0.067","0.311,0.308,0.209",-0.2,74,45.666666666666664,69.0,KDM6A_chrX_+_45082575_45082789_45082575_45082640_45082714_45082789_74
2603,ENSG00000147050,KDM6A,chrX,+,45106541,45107536,45106541,45106713,45107409,45107536,2603,"21,22,36","0,0,1","60,71,84","6,2,3",845,149,0.000153790260701,0.0017217119876676,"1.0,1.0,0.864","0.638,0.862,0.832",0.177,696,26.666666666666664,75.33333333333334,KDM6A_chrX_+_45106541_45107536_45106541_45106713_45107409_45107536_696
2622,ENSG00000011243,AKAP8L,chr19,-,15397713,15398766,15397713,15397855,15398629,15398766,2622,"125,145,133","7,3,8","170,161,169","24,20,15",923,149,0.000796414235797,0.0063238174037299,"0.742,0.886,0.729","0.533,0.565,0.645",0.205,774,140.33333333333334,186.33333333333331,AKAP8L_chr19_-_15397713_15398766_15397713_15397855_15398629_15398766_774
2631,ENSG00000011243,AKAP8L,chr19,-,15397713,15400864,15397713,15399410,15400793,15400864,2631,"135,165,189","0,2,0","146,164,143","7,5,12",1532,149,2.19860890605e-08,8.03570000172e-07,"1.0,0.889,1.0","0.67,0.761,0.537",0.307,1383,163.66666666666666,159.0,AKAP8L_chr19_-_15397713_15400864_15397713_15399410_15400793_15400864_1383
2664,ENSG00000154134,ROBO3,chr11,+,124878583,124879341,124878583,124878796,124879189,124879341,2664,"35,37,39","46,30,48","50,62,45","22,22,24",542,149,1.09546059511e-05,0.0001935486776573,"0.173,0.253,0.183","0.385,0.437,0.34",-0.184,393,78.33333333333334,75.0,ROBO3_chr11_+_124878583_124879341_124878583_124878796_124879189_124879341_393
2700,ENSG00000086189,DIMT1,chr5,-,62390875,62392990,62390875,62390982,62392925,62392990,2700,"26,28,25","0,0,0","24,20,13","5,4,6",2092,149,8.21565038223e-15,1.1779978701905169e-12,"1.0,1.0,1.0","0.255,0.263,0.134",0.783,1943,26.333333333333332,24.0,DIMT1_chr5_-_62390875_62392990_62390875_62390982_62392925_62392990_1943
2885,ENSG00000184205,TSPYL2,chrX,+,53084531,53084866,53084531,53084622,53084754,53084866,2885,"37,45,50","80,86,94","206,150,155","109,116,86",281,149,7.549516567449999e-14,9.705033711535726e-12,"0.197,0.217,0.22","0.501,0.407,0.489",-0.254,132,130.66666666666669,274.0,TSPYL2_chrX_+_53084531_53084866_53084531_53084622_53084754_53084866_132
2908,ENSG00000099949,LZTR1,chr22,+,20994103,20994727,20994103,20994269,20994557,20994727,2908,"82,82,91","59,51,62","103,104,74","35,27,35",437,149,0.000697154715054,0.0057246536954213,"0.322,0.354,0.334","0.501,0.568,0.419",-0.159,288,142.33333333333334,126.0,LZTR1_chr22_+_20994103_20994727_20994103_20994269_20994557_20994727_288
2910,ENSG00000099949,LZTR1,chr22,+,20995962,20996801,20995962,20996112,20996695,20996801,2910,"30,39,15","87,113,125","72,91,71","89,58,49",732,149,0.0,0.0,"0.066,0.066,0.024","0.141,0.242,0.228",-0.152,583,136.33333333333331,143.33333333333331,LZTR1_chr22_+_20995962_20996801_20995962_20996112_20996695_20996801_583
2978,ENSG00000185000,DGAT1,chr8,-,144318094,144318362,144318094,144318169,144318260,144318362,2978,"6,16,19","65,72,67","35,28,21","38,45,50",240,149,4.86185530602e-06,9.440102385855502e-05,"0.054,0.121,0.15","0.364,0.279,0.207",-0.175,91,81.66666666666667,72.33333333333334,DGAT1_chr8_-_144318094_144318362_144318094_144318169_144318260_144318362_91
3019,ENSG00000160972,PPP1R16A,chr8,+,144500266,144500612,144500266,144500391,144500486,144500612,3019,"18,26,16","31,48,18","47,36,41","30,29,23",244,149,0.000181397825201,0.0019573114105624,"0.262,0.249,0.352","0.489,0.431,0.521",-0.193,95,52.333333333333336,68.66666666666667,PPP1R16A_chr8_+_144500266_144500612_144500266_144500391_144500486_144500612_95
3032,ENSG00000187091,PLCD1,chr3,-,38009903,38010275,38009903,38010053,38010130,38010275,3032,"3,5,0","10,8,10","6,13,7","2,7,6",226,149,0.000247499811542,0.0024870061925298,"0.165,0.292,0.0","0.664,0.55,0.435",-0.397,77,12.0,13.666666666666666,PLCD1_chr3_-_38009903_38010275_38009903_38010053_38010130_38010275_77
3045,ENSG00000077232,DNAJC10,chr2,+,182717015,182718290,182717015,182717072,182718156,182718290,3045,"124,116,119","0,0,0","92,107,151","5,2,2",1233,149,9.61307942771e-06,0.0001743920199829,"1.0,1.0,1.0","0.69,0.866,0.901",0.181,1084,119.66666666666667,119.66666666666667,DNAJC10_chr2_+_182717015_182718290_182717015_182717072_182718156_182718290_1084
3081,ENSG00000138796,HADH,chr4,+,108027687,108028069,108027687,108027760,108027938,108028069,3081,"15,11,17","5,2,3","9,6,10","9,5,13",327,149,0.00024324310093,0.0024608148718237,"0.578,0.715,0.721","0.313,0.353,0.26",0.363,178,17.666666666666668,17.333333333333336,HADH_chr4_+_108027687_108028069_108027687_108027760_108027938_108028069_178
3188,ENSG00000108591,DRG2,chr17,+,18099632,18100435,18099632,18099715,18100362,18100435,3188,"140,117,109","1,0,0","106,142,124","4,3,8",796,149,1.6270770159e-06,3.755878089953684e-05,"0.963,1.0,1.0","0.832,0.899,0.744",0.163,647,122.33333333333333,129.0,DRG2_chr17_+_18099632_18100435_18099632_18099715_18100362_18100435_647
3285,ENSG00000105792,CFAP69,chr7,+,90299866,90304820,90299866,90300059,90304743,90304820,3285,"7,12,18","1,0,0","16,10,13","2,1,2",4833,149,0.000480223545101,0.0042323247662802,"0.178,1.0,1.0","0.198,0.236,0.167",0.526,4684,12.666666666666668,14.666666666666666,CFAP69_chr7_+_90299866_90304820_90299866_90300059_90304743_90304820_4684
3296,ENSG00000182504,CEP97,chr3,+,101757062,101758423,101757062,101757196,101757810,101758423,3296,"21,27,33","0,1,0","28,18,28","4,2,4",763,149,2.50526956524e-06,5.414286921283895e-05,"1.0,0.841,1.0","0.578,0.637,0.578",0.349,614,27.333333333333332,28.0,CEP97_chr3_+_101757062_101758423_101757062_101757196_101757810_101758423_614
3305,ENSG00000235954,TTC28-AS1,chr22,+,27997410,27998838,27997410,27998152,27998603,27998838,3305,"13,4,15","1,0,0","12,11,11","4,2,2",600,149,1.31936752312e-05,0.0002266636924512,"0.764,1.0,1.0","0.427,0.577,0.577",0.394,451,11.0,14.0,TTC28-AS1_chr22_+_27997410_27998838_27997410_27998152_27998603_27998838_451
3337,ENSG00000178035,IMPDH2,chr3,-,49028430,49028806,49028430,49028532,49028721,49028806,3337,"29,48,25","7,6,6","40,32,45","1,0,3",338,149,6.83991968653e-05,0.0008808209310901,"0.646,0.779,0.647","0.946,1.0,0.869",-0.248,189,40.333333333333336,40.333333333333336,IMPDH2_chr3_-_49028430_49028806_49028430_49028532_49028721_49028806_189
3366,ENSG00000162736,NCSTN,chr1,+,160354117,160356347,160354117,160354290,160356259,160356347,3366,"48,48,47","0,0,0","75,78,73","3,3,1",2118,149,9.18680023032e-06,0.0001675200170992,"1.0,1.0,1.0","0.638,0.647,0.837",0.293,1969,47.666666666666664,77.66666666666666,NCSTN_chr1_+_160354117_160356347_160354117_160354290_160356259_160356347_1969
3371,ENSG00000162736,NCSTN,chr1,+,160355862,160357253,160355862,160356754,160357040,160357253,3371,"54,48,42","159,186,186","133,93,110","88,106,98",435,149,0.0,0.0,"0.104,0.081,0.072","0.341,0.231,0.278",-0.198,286,225.0,209.33333333333331,NCSTN_chr1_+_160355862_160357253_160355862_160356754_160357040_160357253_286
3388,ENSG00000250337,PURPL,chr5,+,27475534,27477801,27475534,27475695,27477638,27477801,3388,"131,187,154","20,22,12","331,361,294","13,9,19",2092,149,0.000403367501075,0.0036632254421622,"0.318,0.377,0.478","0.645,0.741,0.524",-0.246,1943,175.33333333333334,342.33333333333337,PURPL_chr5_+_27475534_27477801_27475534_27475695_27477638_27477801_1943
3511,ENSG00000163703,CRELD1,chr3,+,9933829,9934612,9933829,9933920,9934419,9934612,3511,"42,38,30","27,33,36","52,66,42","15,19,16",648,149,7.07685247003e-06,0.0001335823089026,"0.263,0.209,0.161","0.444,0.444,0.376",-0.21,499,68.66666666666666,70.0,CRELD1_chr3_+_9933829_9934612_9933829_9933920_9934419_9934612_499
3569,ENSG00000240303,ACAD11,chr3,-,132578795,132579558,132578795,132579056,132579491,132579558,3569,"208,245,240","22,7,17","117,97,104","20,27,17",584,149,2.74984924896e-05,0.0004227397113452,"0.707,0.899,0.783","0.599,0.478,0.61",0.234,435,246.33333333333334,127.33333333333333,ACAD11_chr3_-_132578795_132579558_132578795_132579056_132579491_132579558_435
3647,ENSG00000114859,CLCN2,chr3,-,184354903,184355529,184354903,184354973,184355373,184355529,3647,"0,4,5","9,13,9","16,16,12","7,20,13",549,149,0.000518234025176,0.0045086964897459,"0.0,0.077,0.131","0.383,0.178,0.2",-0.184,400,13.333333333333334,28.0,CLCN2_chr3_-_184354903_184355529_184354903_184354973_184355373_184355529_400
3669,ENSG00000178149,DALRD3,chr3,-,49015972,49016340,49015972,49016086,49016157,49016340,3669,"13,23,26","45,45,50","35,31,26","21,33,24",220,149,7.81018489269e-05,0.0009803491340049,"0.164,0.257,0.26","0.53,0.389,0.423",-0.22,71,67.33333333333333,56.66666666666667,DALRD3_chr3_-_49015972_49016340_49015972_49016086_49016157_49016340_71
3705,ENSG00000111445,RFC5,chr12,+,118017689,118018053,118017689,118017815,118017994,118018053,3705,"30,37,42","10,8,1","29,45,37","2,0,2",328,149,0.00110991919506,0.0083676011308062,"0.577,0.678,0.95","0.868,1.0,0.894",-0.186,179,42.66666666666667,38.333333333333336,RFC5_chr12_+_118017689_118018053_118017689_118017815_118017994_118018053_179
3709,ENSG00000007923,DNAJC11,chr1,-,6637446,6638364,6637446,6637504,6638082,6638364,3709,"26,34,29","2,0,0","29,24,28","4,2,5",727,149,7.38404225812e-05,0.0009395122709307,"0.727,1.0,1.0","0.598,0.711,0.534",0.295,578,30.333333333333336,30.666666666666668,DNAJC11_chr1_-_6637446_6638364_6637446_6637504_6638082_6638364_578
3799,ENSG00000112473,SLC39A7,chr6,+,33200825,33201656,33200825,33200938,33201241,33201656,3799,"839,867,835","323,351,340","846,843,838","182,171,187",452,149,6.41473207885e-10,3.617005284421533e-08,"0.461,0.449,0.447","0.605,0.619,0.596",-0.154,303,1185.0,1022.3333333333334,SLC39A7_chr6_+_33200825_33201656_33200825_33200938_33201241_33201656_303
3831,ENSG00000131876,SNRPA1,chr15,-,101285725,101287010,101285725,101285801,101286907,101287010,3831,"537,617,551","31,24,24","367,313,314","56,74,37",1255,149,9.03597197066e-11,6.238167316040829e-09,"0.673,0.753,0.732","0.438,0.334,0.502",0.295,1106,594.6666666666667,387.0,SNRPA1_chr15_-_101285725_101287010_101285725_101285801_101286907_101287010_1106
3883,ENSG00000168389,MFSD2A,chr1,+,39967627,39967916,39967627,39967711,39967803,39967916,3883,"1,3,1","20,10,17","12,15,13","17,25,15",241,149,1.7602880964e-06,4.025984063422822e-05,"0.03,0.156,0.035","0.304,0.271,0.349",-0.234,92,17.333333333333332,32.333333333333336,MFSD2A_chr1_+_39967627_39967916_39967627_39967711_39967803_39967916_92
3915,ENSG00000143416,SELENBP1,chr1,-,151369003,151369769,151369003,151369189,151369712,151369769,3915,"46,48,30","0,0,1","47,38,38","3,2,3",672,149,0.000111580792867,0.0013077720203467,"1.0,1.0,0.869","0.776,0.808,0.737",0.183,523,41.66666666666667,43.666666666666664,SELENBP1_chr1_-_151369003_151369769_151369003_151369189_151369712_151369769_523
3920,ENSG00000213672,NCKIPSD,chr3,-,48678876,48679183,48678876,48678969,48679054,48679183,3920,"12,22,13","90,67,62","45,39,40","48,47,59",234,149,3.42901151917e-10,2.0291039592802796e-08,"0.078,0.173,0.118","0.374,0.346,0.302",-0.218,85,88.66666666666667,92.66666666666667,NCKIPSD_chr3_-_48678876_48679183_48678876_48678969_48679054_48679183_85
3940,ENSG00000197989,SNHG12,chr1,-,28579532,28579981,28579532,28579587,28579911,28579981,3940,"315,394,377","48,49,52","351,284,315","88,118,94",473,149,6.82003113983e-08,2.1365610159064067e-06,"0.674,0.717,0.695","0.557,0.431,0.514",0.195,324,411.6666666666667,416.6666666666667,SNHG12_chr1_-_28579532_28579981_28579532_28579587_28579911_28579981_324
4020,ENSG00000110172,CHORDC1,chr11,-,90210535,90214175,90210535,90210594,90214017,90214175,4020,"12,30,32","0,0,0","44,28,37","3,1,1",3572,149,3.54490008364e-05,0.0005182504906592,"1.0,1.0,1.0","0.38,0.539,0.607",0.491,3423,24.666666666666668,38.0,CHORDC1_chr11_-_90210535_90214175_90210535_90210594_90214017_90214175_3423
4071,ENSG00000143258,USP21,chr1,+,161164533,161164942,161164533,161164612,161164834,161164942,4071,"132,136,146","140,123,122","145,148,156","44,66,74",371,149,7.39048312548e-08,2.29597675764912e-06,"0.275,0.308,0.325","0.57,0.474,0.458",-0.198,222,266.33333333333337,211.0,USP21_chr1_+_161164533_161164942_161164533_161164612_161164834_161164942_222
4095,ENSG00000134222,PSRC1,chr1,-,109280776,109281251,109280776,109281046,109281136,109281251,4095,"38,42,61","72,63,65","75,102,75","35,64,57",239,149,1.55184101417e-05,0.0002594288475706,"0.248,0.294,0.369","0.572,0.498,0.451",-0.203,90,113.66666666666667,136.0,PSRC1_chr1_-_109280776_109281251_109280776_109281046_109281136_109281251_90
4261,ENSG00000111653,ING4,chr12,-,6652270,6652770,6652270,6652309,6652661,6652770,4261,"96,88,60","3,2,5","61,64,51","8,10,8",501,149,0.000383879057833,0.0035323058188133,"0.905,0.929,0.781","0.694,0.656,0.655",0.203,352,84.66666666666666,67.33333333333333,ING4_chr12_-_6652270_6652770_6652270_6652309_6652661_6652770_352
4265,ENSG00000111653,ING4,chr12,-,6652661,6653050,6652661,6652767,6652944,6653050,4265,"14,21,14","18,19,22","36,26,21","11,5,14",326,149,0.000674320423261,0.0055739834543614,"0.262,0.336,0.225","0.599,0.704,0.407",-0.296,177,36.0,37.66666666666667,ING4_chr12_-_6652661_6653050_6652661_6652767_6652944_6653050_177
4367,ENSG00000197530,MIB2,chr1,+,1625545,1626754,1625545,1625653,1626649,1626754,4367,"70,103,101","46,36,30","169,123,119","25,18,19",1145,149,2.01225023488e-06,4.492017290797988e-05,"0.165,0.271,0.305","0.468,0.471,0.449",-0.216,996,128.66666666666666,157.66666666666666,MIB2_chr1_+_1625545_1626754_1625545_1625653_1626649_1626754_996
4376,ENSG00000065989,PDE4A,chr19,+,10461525,10461999,10461525,10461680,10461876,10461999,4376,"2,1,3","11,13,15","11,8,4","12,11,11",345,149,0.000574007358359,0.0048819991424081,"0.073,0.032,0.08","0.284,0.239,0.136",-0.158,196,15.0,19.0,PDE4A_chr19_+_10461525_10461999_10461525_10461680_10461876_10461999_196
4383,ENSG00000148444,COMMD3,chr10,+,22318271,22319018,22318271,22318306,22318958,22319018,4383,"37,56,41","1,0,0","46,58,39","8,7,6",801,149,4.41631353709e-09,1.948404362872369e-07,"0.873,1.0,1.0","0.517,0.606,0.547",0.401,652,45.0,54.666666666666664,COMMD3_chr10_+_22318271_22319018_22318271_22318306_22318958_22319018_652
4386,ENSG00000182400,TRAPPC6B,chr14,-,39158284,39159550,39158284,39158402,39159449,39159550,4386,"9,15,17","2,3,1","13,15,13","13,22,5",1196,149,0.000770891942043,0.006167135536344,"0.359,0.384,0.679","0.111,0.078,0.245",0.329,1047,15.666666666666666,27.0,TRAPPC6B_chr14_-_39158284_39159550_39158284_39158402_39159449_39159550_1047
4423,ENSG00000087085,ACHE,chr7,-,100892333,100894252,100892333,100892554,100893164,100894252,4423,"20,28,16","4,3,0","87,66,47","2,0,0",759,149,0.000212201250167,0.0022097381581636,"0.495,0.647,1.0","0.895,1.0,1.0",-0.251,610,23.666666666666664,67.33333333333334,ACHE_chr7_-_100892333_100894252_100892333_100892554_100893164_100894252_610
4424,ENSG00000087085,ACHE,chr7,-,100892333,100894252,100892333,100892818,100893164,100894252,4424,"7,10,6","5,4,4","34,38,22","3,2,2",495,149,2.24506465041e-05,0.000355397070774,"0.296,0.429,0.311","0.773,0.851,0.768",-0.452,346,12.0,33.666666666666664,ACHE_chr7_-_100892333_100894252_100892333_100892818_100893164_100894252_346
4429,ENSG00000175203,DCTN2,chr12,-,57532014,57532643,57532014,57532106,57532571,57532643,4429,"20,19,19","3,0,1","25,17,23","22,19,17",614,149,1.31943897919e-07,3.842866026890875e-06,"0.618,1.0,0.822","0.216,0.178,0.247",0.6,465,20.666666666666664,41.0,DCTN2_chr12_-_57532014_57532643_57532014_57532106_57532571_57532643_465
4450,ENSG00000138750,NUP54,chr4,-,76130655,76132719,76130655,76130749,76132522,76132719,4450,"57,67,50","6,2,0","36,47,39","8,15,7",1922,149,0.000828090913351,0.0065544011145913,"0.424,0.722,1.0","0.259,0.195,0.302",0.463,1773,60.666666666666664,50.666666666666664,NUP54_chr4_-_76130655_76132719_76130655_76130749_76132522_76132719_1773
4468,ENSG00000171824,EXOSC10,chr1,-,11076841,11077651,11076841,11076948,11077600,11077651,4468,"338,377,373","8,4,3","262,220,258","20,9,15",801,149,3.83943699722e-07,9.974509495216836e-06,"0.887,0.946,0.959","0.709,0.82,0.762",0.167,652,367.6666666666667,261.3333333333333,EXOSC10_chr1_-_11076841_11077651_11076841_11076948_11077600_11077651_652
4476,ENSG00000111011,RSRC2,chr12,-,122518838,122521428,122518838,122519051,122521384,122521428,4476,"233,298,286","3,6,4","266,219,303","12,12,13",2482,149,0.000297483554585,0.0029013334084539,"0.823,0.749,0.811","0.571,0.523,0.583",0.235,2333,276.66666666666663,275.0,RSRC2_chr12_-_122518838_122521428_122518838_122519051_122521384_122521428_2333
4515,ENSG00000132549,VPS13B,chr8,+,99870784,99871697,99870784,99870887,99871447,99871697,4515,"14,20,20","25,15,14","36,22,26","9,7,10",709,149,0.000177554640317,0.0019269976684185,"0.105,0.219,0.231","0.457,0.398,0.353",-0.218,560,36.0,36.666666666666664,VPS13B_chr8_+_99870784_99871697_99870784_99870887_99871447_99871697_560
4550,ENSG00000143303,METTL25B,chr1,+,156731990,156732473,156731990,156732115,156732280,156732473,4550,"77,63,83","101,117,109","98,102,93","66,51,49",314,149,3.62258445463e-10,2.1267708420252977e-08,"0.266,0.204,0.265","0.413,0.487,0.474",-0.213,165,183.33333333333331,153.0,METTL25B_chr1_+_156731990_156732473_156731990_156732115_156732280_156732473_165
4557,ENSG00000106462,EZH2,chr7,-,148813958,148815546,148813958,148814137,148815505,148815546,4557,"89,98,96","1,0,2","152,184,133","4,5,11",1517,149,0.000521682662731,0.0045281326348339,"0.897,1.0,0.825","0.789,0.783,0.543",0.202,1368,95.33333333333333,163.0,EZH2_chr7_-_148813958_148815546_148813958_148814137_148815505_148815546_1368
4584,ENSG00000108654,DDX5,chr17,-,64500548,64502069,64500548,64500773,64502009,64502069,4584,"4754,5151,4595","455,390,302","4205,4068,4059","695,666,730",1385,149,3.44169137634e-15,5.346093937914799e-13,"0.529,0.587,0.621","0.394,0.397,0.374",0.191,1236,5215.666666666666,4807.666666666667,DDX5_chr17_-_64500548_64502069_64500548_64500773_64502009_64502069_1236
4595,ENSG00000167962,ZNF598,chr16,-,1999495,2000481,1999495,2000256,2000390,2000481,4595,"15,15,14","93,96,116","44,42,33","66,65,65",283,149,1.7428281040600002e-12,1.7098060978778104e-10,"0.078,0.076,0.06","0.26,0.254,0.211",-0.17,134,116.33333333333334,105.0,ZNF598_chr16_-_1999495_2000481_1999495_2000256_2000390_2000481_134
4634,ENSG00000163743,RCHY1,chr4,-,75490580,75491782,75490580,75490701,75491723,75491782,4634,"10,8,19","5,2,2","7,10,9","10,15,16",1171,149,0.000300773715107,0.0029200114841637,"0.203,0.337,0.547","0.082,0.078,0.067",0.287,1022,15.333333333333334,22.333333333333332,RCHY1_chr4_-_75490580_75491782_75490580_75490701_75491723_75491782_1022
4646,ENSG00000173276,ZBTB21,chr21,-,41986830,41994108,41986830,41991889,41992492,41994108,4646,"174,132,141","5,6,1","91,107,103","15,9,13",752,149,5.53887131405e-06,0.0001064376920555,"0.873,0.813,0.965","0.546,0.702,0.611",0.264,603,153.0,112.66666666666666,ZBTB21_chr21_-_41986830_41994108_41986830_41991889_41992492_41994108_603
4670,ENSG00000135506,OS9,chr12,+,57695961,57696373,57695961,57695976,57696274,57696373,4670,"94,87,102","4,3,1","76,60,89","7,11,9",447,149,7.33561137471e-05,0.0009365465481136,"0.887,0.906,0.971","0.784,0.645,0.767",0.189,298,97.0,84.0,OS9_chr12_+_57695961_57696373_57695961_57695976_57696274_57696373_298
4675,ENSG00000135506,OS9,chr12,+,57716091,57716512,57716091,57716193,57716381,57716512,4675,"10,18,16","2,3,2","30,24,20","0,0,0",337,149,2.79919347751e-05,0.0004275670176535,"0.689,0.726,0.78","1.0,1.0,1.0",-0.268,188,17.0,24.666666666666668,OS9_chr12_+_57716091_57716512_57716091_57716193_57716381_57716512_188
4886,ENSG00000147180,ZNF711,chrX,+,85246929,85247651,85246929,85247183,85247546,85247651,4886,"45,56,73","21,28,38","64,37,45","11,8,11",512,149,0.000279823985422,0.0027634008414654,"0.384,0.368,0.359","0.629,0.574,0.543",-0.212,363,87.0,58.666666666666664,ZNF711_chrX_+_85246929_85247651_85246929_85247183_85247546_85247651_363
4899,ENSG00000170581,STAT2,chr12,-,56348751,56349509,56348751,56348851,56349344,56349509,4899,"12,35,21","1,1,0","19,38,26","4,3,2",642,149,0.000722880633572,0.0058737359701647,"0.736,0.89,1.0","0.524,0.746,0.751",0.202,493,23.333333333333336,30.666666666666668,STAT2_chr12_-_56348751_56349509_56348751_56348851_56349344_56349509_493
4941,ENSG00000227057,WDR46,chr6,-,33279107,33279610,33279107,33279374,33279496,33279610,4941,"15,22,26","153,136,158","82,66,70","148,118,136",271,149,1.33226762955e-15,2.3650922490297145e-13,"0.051,0.082,0.083","0.233,0.235,0.221",-0.158,122,170.0,206.66666666666669,WDR46_chr6_-_33279107_33279610_33279107_33279374_33279496_33279610_122
4992,ENSG00000205726,ITSN1,chr21,+,33829005,33829745,33829005,33829050,33829623,33829745,4992,"21,19,14","0,1,2","15,18,12","5,6,5",722,149,0.000210899150423,0.002202330624025,"1.0,0.797,0.591","0.382,0.382,0.331",0.431,573,19.0,20.333333333333332,ITSN1_chr21_+_33829005_33829745_33829005_33829050_33829623_33829745_573
5031,ENSG00000198837,DENND4B,chr1,-,153930691,153931064,153930691,153930857,153930946,153931064,5031,"13,12,17","83,109,99","27,27,24","49,46,52",238,149,6.45426156964e-09,2.765688176048037e-07,"0.089,0.064,0.097","0.256,0.269,0.224",-0.166,89,111.0,75.0,DENND4B_chr1_-_153930691_153931064_153930691_153930857_153930946_153931064_89
5062,ENSG00000141504,SAT2,chr17,-,7627142,7627414,7627142,7627226,7627362,7627414,5062,"42,72,54","193,207,215","113,110,118","160,154,146",285,149,2.30482299912e-13,2.6438092740674954e-11,"0.102,0.154,0.116","0.27,0.272,0.297",-0.156,136,261.0,267.0,SAT2_chr17_-_7627142_7627414_7627142_7627226_7627362_7627414_136
5064,ENSG00000141504,SAT2,chr17,-,7627362,7627805,7627362,7627414,7627569,7627805,5064,"48,76,54","70,79,75","95,84,94","61,48,50",304,149,1.50937558741e-06,3.495001360164273e-05,"0.252,0.32,0.261","0.433,0.462,0.48",-0.181,155,134.0,144.0,SAT2_chr17_-_7627362_7627805_7627362_7627414_7627569_7627805_155
5120,ENSG00000111674,ENO2,chr12,+,6916670,6917107,6916670,6916729,6917037,6917107,5120,"37,40,35","96,127,92","72,66,43","50,53,69",457,149,7.51527056142e-08,2.32505631974886e-06,"0.112,0.093,0.11","0.319,0.289,0.169",-0.154,308,142.33333333333334,117.66666666666667,ENO2_chr12_+_6916670_6917107_6916670_6916729_6917037_6917107_308
5145,ENSG00000116337,AMPD2,chr1,+,109628082,109628495,109628082,109628277,109628363,109628495,5145,"22,26,16","137,98,116","34,34,33","69,60,51",235,149,1.36127601413e-08,5.370197863149884e-07,"0.092,0.144,0.08","0.238,0.264,0.291",-0.159,86,138.33333333333334,93.66666666666666,AMPD2_chr1_+_109628082_109628495_109628082_109628277_109628363_109628495_86
5149,ENSG00000116337,AMPD2,chr1,+,109628082,109629235,109628082,109628495,109629108,109629235,5149,"67,45,63","6,2,3","57,46,72","14,7,14",762,149,0.000723187985597,0.0058737359701647,"0.686,0.815,0.804","0.443,0.562,0.501",0.266,613,62.0,70.0,AMPD2_chr1_+_109628082_109629235_109628082_109628495_109629108_109629235_613
5246,ENSG00000162298,SYVN1,chr11,-,65130001,65130379,65130001,65130175,65130250,65130379,5246,"2,6,6","25,28,24","11,8,17","9,16,12",224,149,1.89816842887e-05,0.0003072264976178,"0.051,0.125,0.143","0.448,0.25,0.485",-0.288,75,30.333333333333336,24.333333333333336,SYVN1_chr11_-_65130001_65130379_65130001_65130175_65130250_65130379_75
5292,ENSG00000168010,ATG16L2,chr11,+,72822847,72824842,72822847,72822961,72824733,72824842,5292,"194,225,226","2,8,5","171,129,158","1,0,0",1921,149,3.53330044078e-06,7.220546722984917e-05,"0.883,0.686,0.778","0.93,1.0,1.0",-0.194,1772,220.0,153.0,ATG16L2_chr11_+_72822847_72824842_72822847_72822961_72824733_72824842_1772
5350,ENSG00000141524,TMC6,chr17,-,78120176,78121164,78120176,78120832,78121012,78121164,5350,"3,3,1","21,28,36","7,5,8","10,9,17",329,149,1.18754025193e-05,0.0002083364733738,"0.061,0.046,0.012","0.241,0.201,0.176",-0.166,180,30.666666666666664,18.666666666666668,TMC6_chr17_-_78120176_78121164_78120176_78120832_78121012_78121164_180
5387,ENSG00000003756,RBM5,chr3,+,50100531,50103166,50100531,50100605,50103082,50103166,5387,"821,1002,910","45,38,28","563,590,533","46,62,49",2626,149,1.7522363992e-06,4.019899874595446e-05,"0.509,0.599,0.648","0.41,0.351,0.382",0.204,2477,948.0,614.3333333333334,RBM5_chr3_+_50100531_50103166_50100531_50100605_50103082_50103166_2477
5403,ENSG00000246695,RASSF8-AS1,chr12,-,25952757,25955241,25952757,25953076,25955137,25955241,5403,"12,12,20","3,0,2","28,24,14","1,0,0",2210,149,3.60887126096e-05,0.0005265703350629,"0.212,1.0,0.403","0.654,1.0,1.0",-0.346,2061,16.333333333333332,22.333333333333332,RASSF8-AS1_chr12_-_25952757_25955241_25952757_25953076_25955137_25955241_2061
5467,ENSG00000128191,DGCR8,chr22,+,20089668,20090258,20089668,20089811,20089975,20090258,5467,"98,109,98","32,40,23","72,97,78","50,49,47",313,149,0.000406042054878,0.0036785535372665,"0.593,0.565,0.67","0.407,0.485,0.441",0.165,164,133.33333333333334,131.0,DGCR8_chr22_+_20089668_20090258_20089668_20089811_20089975_20090258_164
5500,ENSG00000100038,TOP3B,chr22,-,21957026,21958693,21957026,21957595,21958491,21958693,5500,"620,617,627","47,52,31","408,415,400","44,65,55",1045,149,7.79925189862e-05,0.0009803491340049,"0.653,0.629,0.743","0.569,0.477,0.509",0.157,896,664.6666666666667,462.33333333333337,TOP3B_chr22_-_21957026_21958693_21957026_21957595_21958491_21958693_896
5606,ENSG00000189077,TMEM120A,chr7,-,75988082,75988341,75988082,75988148,75988251,75988341,5606,"12,10,23","67,56,66","31,23,17","31,44,33",252,149,7.52546808951e-05,0.0009538913912424,"0.096,0.096,0.171","0.372,0.236,0.233",-0.159,103,78.0,59.66666666666667,TMEM120A_chr7_-_75988082_75988341_75988082_75988148_75988251_75988341_103
5698,ENSG00000121940,CLCC1,chr1,-,108962308,108963453,108962308,108962464,108963360,108963453,5698,"14,18,8","1,7,2","17,27,21","0,0,0",1045,149,7.09186043224e-11,4.9417674189515375e-09,"0.666,0.268,0.363","1.0,1.0,1.0",-0.568,896,16.666666666666668,21.666666666666668,CLCC1_chr1_-_108962308_108963453_108962308_108962464_108963360_108963453_896
5702,ENSG00000121940,CLCC1,chr1,-,108962308,108963484,108962308,108962469,108963400,108963484,5702,"12,19,8","1,5,1","17,25,20","0,0,1",1080,149,1.3729941658e-06,3.1891104362008723e-05,"0.623,0.344,0.525","1.0,1.0,0.734",-0.414,931,15.333333333333334,21.0,CLCC1_chr1_-_108962308_108963484_108962308_108962469_108963400_108963484_931
5763,ENSG00000236810,ELOA-AS1,chr1,-,23772110,23772426,23772110,23772166,23772267,23772426,5763,"2,5,2","26,17,20","9,4,11","10,14,8",250,149,0.000313011352119,0.0030230733696881,"0.044,0.149,0.056","0.349,0.146,0.45",-0.232,101,24.0,18.666666666666664,ELOA-AS1_chr1_-_23772110_23772426_23772110_23772166_23772267_23772426_101
5764,ENSG00000236810,ELOA-AS1,chr1,-,23772110,23772426,23772110,23772166,23772271,23772426,5764,"2,6,3","21,15,28","9,5,12","8,13,16",254,149,0.000802015950564,0.0063547618782201,"0.053,0.19,0.059","0.398,0.184,0.306",-0.195,105,25.0,21.0,ELOA-AS1_chr1_-_23772110_23772426_23772110_23772166_23772271_23772426_105
6010,ENSG00000070610,GBA2,chr9,-,35736866,35737939,35736866,35737604,35737747,35737939,6010,"29,21,20","5,2,4","49,40,35","0,0,3",292,149,0.000159511046558,0.0017698130403816,"0.747,0.843,0.718","1.0,1.0,0.856",-0.183,143,27.0,42.333333333333336,GBA2_chr9_-_35736866_35737939_35736866_35737604_35737747_35737939_143
6013,ENSG00000103253,HAGHL,chr16,+,728115,728424,728115,728233,728315,728424,6013,"6,5,10","50,45,42","12,15,12","31,25,23",231,149,0.000110292568902,0.0012970684443743,"0.072,0.067,0.133","0.2,0.279,0.252",-0.153,82,52.666666666666664,39.33333333333333,HAGHL_chr16_+_728115_728424_728115_728233_728315_728424_82
6070,ENSG00000013573,DDX11,chr12,+,31089043,31090094,31089043,31089151,31089885,31090094,6070,"117,145,138","5,7,5","159,168,135","12,19,23",883,149,0.000657712595925,0.0054575004808085,"0.798,0.778,0.823","0.691,0.599,0.498",0.204,734,139.0,172.0,DDX11_chr12_+_31089043_31090094_31089043_31089151_31089885_31090094_734
6107,ENSG00000112531,QKI,chr6,+,163563419,163570145,163563419,163563719,163564666,163570145,6107,"63,44,54","0,1,0","45,51,33","3,5,7",1096,149,5.78750622982e-08,1.8761585412842573e-06,"1.0,0.857,1.0","0.671,0.581,0.391",0.405,947,54.0,48.0,QKI_chr6_+_163563419_163570145_163563419_163563719_163564666_163570145_947
6115,ENSG00000147533,GOLGA7,chr8,+,41505910,41507121,41505910,41506012,41507053,41507121,6115,"13,30,16","13,6,14","90,97,79","15,15,9",1190,149,0.000100882713585,0.0011980829075527,"0.111,0.385,0.125","0.429,0.447,0.524",-0.26,1041,30.666666666666668,101.66666666666667,GOLGA7_chr8_+_41505910_41507121_41505910_41506012_41507053_41507121_1041
6118,ENSG00000198677,SKIC3,chr5,-,95506933,95509687,95506933,95506992,95509593,95509687,6118,"69,76,70","2,5,8","34,30,39","15,14,7",2750,149,5.82774130368e-05,0.0007759221278613,"0.651,0.452,0.322","0.109,0.104,0.232",0.327,2601,76.66666666666667,46.333333333333336,SKIC3_chr5_-_95506933_95509687_95506933_95506992_95509593_95509687_2601
6134,ENSG00000198755,RPL10A,chr6,+,35468946,35469529,35468946,35469285,35469380,35469529,6134,"402,446,463","293,319,279","668,581,664","196,200,227",244,149,9.24260668e-13,9.571232695288888e-11,"0.456,0.461,0.503","0.675,0.64,0.641",-0.179,95,734.0,845.3333333333333,RPL10A_chr6_+_35468946_35469529_35468946_35469285_35469380_35469529_95
6193,ENSG00000135974,C2orf49,chr2,+,105342847,105343223,105342847,105342974,105343100,105343223,6193,"133,83,95","42,49,42","123,107,111","21,20,23",275,149,5.67264737082e-05,0.0007607060934682,"0.632,0.479,0.551","0.76,0.744,0.723",-0.188,126,148.0,135.0,C2orf49_chr2_+_105342847_105343223_105342847_105342974_105343100_105343223_126
6196,ENSG00000149231,CCDC82,chr11,-,96383961,96387613,96383961,96384761,96387529,96387613,6196,"48,37,43","0,0,0","56,48,56","2,1,5",2917,149,1.68029490322e-08,6.424758358158113e-07,"1.0,1.0,1.0","0.589,0.71,0.364",0.446,2768,42.666666666666664,56.0,CCDC82_chr11_-_96383961_96387613_96383961_96384761_96387529_96387613_2768
6217,ENSG00000163728,TTC14,chr3,+,180608700,180610003,180608700,180608810,180609629,180610003,6217,"106,144,154","11,8,15","79,78,95","14,18,19",968,149,0.000692322104702,0.0057032196316755,"0.597,0.735,0.612","0.465,0.4,0.435",0.215,819,146.0,101.0,TTC14_chr3_+_180608700_180610003_180608700_180608810_180609629_180610003_819
6223,ENSG00000162923,WDR26,chr1,-,224411426,224413335,224411426,224411565,224413252,224413335,6223,"25,38,32","0,0,0","34,50,48","0,4,4",1836,149,1.23339620994e-06,2.8918874658215846e-05,"1.0,1.0,1.0","1.0,0.504,0.493",0.334,1687,31.666666666666668,46.666666666666664,WDR26_chr1_-_224411426_224413335_224411426_224411565_224413252_224413335_1687
6343,ENSG00000173540,GMPPB,chr3,-,49722595,49723302,49722595,49722754,49723253,49723302,6343,"21,11,13","0,1,1","39,37,23","2,5,5",648,149,0.0011795162385,0.0088032763506066,"1.0,0.717,0.749","0.818,0.63,0.514",0.168,499,15.666666666666666,37.0,GMPPB_chr3_-_49722595_49723302_49722595_49722754_49723253_49723302_499
6350,ENSG00000173559,NABP1,chr2,+,191685598,191696662,191685598,191693416,191695964,191696662,6350,"28,21,27","0,1,0","32,20,17","3,1,1",2697,149,4.23361016871e-05,0.0005978370723087,"1.0,0.537,1.0","0.371,0.525,0.484",0.386,2548,25.666666666666664,24.666666666666668,NABP1_chr2_+_191685598_191696662_191685598_191693416_191695964_191696662_2548
6366,ENSG00000239779,WBP1,chr2,+,74459437,74459745,74459437,74459562,74459642,74459745,6366,"63,58,41","15,19,12","57,55,67","7,4,5",229,149,6.05812665768e-05,0.0008008757510578,"0.732,0.665,0.69","0.841,0.899,0.897",-0.183,80,69.33333333333333,65.0,WBP1_chr2_+_74459437_74459745_74459437_74459562_74459642_74459745_80
6399,ENSG00000160695,VPS11,chr11,+,119078172,119078997,119078172,119078334,119078794,119078997,6399,"9,15,15","0,0,0","33,40,39","9,7,3",609,149,5.6109857538e-08,1.8268781563464104e-06,"1.0,1.0,1.0","0.473,0.583,0.761",0.394,460,13.0,43.66666666666667,VPS11_chr11_+_119078172_119078997_119078172_119078334_119078794_119078997_460
6417,ENSG00000164548,TRA2A,chr7,-,23521706,23522432,23521706,23521840,23522120,23522432,6417,"214,304,259","30,36,23","297,203,224","66,56,63",429,149,3.99723860456e-07,1.034840660958311e-05,"0.712,0.746,0.796","0.61,0.557,0.553",0.178,280,288.6666666666667,303.0,TRA2A_chr7_-_23521706_23522432_23521706_23521840_23522120_23522432_280
6540,ENSG00000079785,DDX1,chr2,+,15628444,15629697,15628444,15628517,15629601,15629697,6540,"19,32,27","0,0,0","22,23,52","11,7,3",1233,149,2.42592723687e-10,1.4586865708147356e-08,"1.0,1.0,1.0","0.195,0.284,0.677",0.615,1084,26.0,39.333333333333336,DDX1_chr2_+_15628444_15629697_15628444_15628517_15629601_15629697_1084
6551,ENSG00000180228,PRKRA,chr2,-,178444421,178445883,178444421,178444500,178445425,178445883,6551,"29,25,32","3,4,6","23,28,17","15,8,15",1074,149,0.000666464896514,0.0055212914093426,"0.573,0.464,0.425","0.175,0.327,0.136",0.275,925,33.0,35.333333333333336,PRKRA_chr2_-_178444421_178445883_178444421_178444500_178445425_178445883_925
6585,ENSG00000132323,ILKAP,chr2,-,238194274,238194870,238194274,238194331,238194781,238194870,6585,"27,29,41","15,16,13","15,14,13","22,26,23",599,149,3.37054076993e-06,6.980764439055021e-05,"0.309,0.311,0.44","0.145,0.118,0.123",0.225,450,47.0,37.66666666666667,ILKAP_chr2_-_238194274_238194870_238194274_238194331_238194781_238194870_450
6779,ENSG00000068912,ERLEC1,chr2,+,53812948,53814935,53812948,53813073,53814859,53814935,6779,"17,30,22","0,0,0","10,15,11","1,1,3",1935,149,2.41950914637e-06,5.274812922612491e-05,"1.0,1.0,1.0","0.435,0.536,0.22",0.603,1786,23.0,13.666666666666666,ERLEC1_chr2_+_53812948_53814935_53812948_53813073_53814859_53814935_1786
6821,ENSG00000108387,SEPTIN4,chr17,-,58526219,58526978,58526219,58526313,58526931,58526978,6821,"14,9,14","4,3,3","27,19,10","1,1,0",767,149,1.22389207383e-05,0.0002130386923291,"0.405,0.368,0.475","0.84,0.787,1.0",-0.46,618,15.666666666666668,19.333333333333336,SEPTIN4_chr17_-_58526219_58526978_58526219_58526313_58526931_58526978_618
6823,ENSG00000267796,LIN37,chr19,+,35752433,35752999,35752433,35752484,35752913,35752999,6823,"12,9,8","1,0,0","15,15,20","3,5,1",578,149,4.92009549397e-05,0.000675584383113,"0.756,1.0,1.0","0.563,0.436,0.838",0.306,429,10.0,19.666666666666668,LIN37_chr19_+_35752433_35752999_35752433_35752484_35752913_35752999_429
6884,ENSG00000293434,AHSA2P,chr2,+,61185501,61186497,61185501,61185618,61186445,61186497,6884,"269,327,334","20,33,27","170,155,195","55,45,52",976,149,1.036948305e-13,1.28858109368e-11,"0.672,0.602,0.654","0.321,0.345,0.364",0.299,827,336.6666666666667,224.0,AHSA2P_chr2_+_61185501_61186497_61185501_61185618_61186445_61186497_827
6905,ENSG00000223960,CHROMR,chr2,+,178426365,178430889,178426365,178426680,178430694,178430889,6905,"69,77,72","3,1,3","139,148,127","0,2,0",4163,149,8.75562245272e-05,0.0010772594225656,"0.452,0.734,0.462","1.0,0.726,1.0",-0.359,4014,75.0,138.66666666666666,CHROMR_chr2_+_178426365_178430889_178426365_178426680_178430694_178430889_4014
6934,ENSG00000084623,EIF3I,chr1,+,32228726,32231019,32228726,32228816,32230926,32231019,6934,"105,125,96","2,2,0","147,142,141","8,12,8",2259,149,6.75070820376e-05,0.0008723272160699,"0.776,0.805,1.0","0.548,0.438,0.538",0.352,2110,110.0,152.66666666666669,EIF3I_chr1_+_32228726_32231019_32228726_32228816_32230926_32231019_2110
7071,ENSG00000204344,STK19,chr6,+,31979413,31980548,31979413,31979553,31980450,31980548,7071,"72,51,69","56,52,69","128,120,129","50,41,37",1046,149,1.25295007702e-09,6.720860269252605e-08,"0.155,0.123,0.125","0.267,0.294,0.332",-0.163,897,123.0,168.33333333333334,STK19_chr6_+_31979413_31980548_31979413_31979553_31980450_31980548_897
7111,ENSG00000114388,NPRL2,chr3,-,50347758,50348563,50347758,50347901,50348526,50348563,7111,"73,82,59","1,0,0","102,82,86","6,2,6",774,149,4.30973930299e-06,8.591822524891293e-05,"0.934,1.0,1.0","0.766,0.888,0.734",0.182,625,71.66666666666666,94.66666666666667,NPRL2_chr3_-_50347758_50348563_50347758_50347901_50348526_50348563_625
7117,ENSG00000114388,NPRL2,chr3,-,50349385,50349828,50349385,50349494,50349664,50349828,7117,"36,41,40","73,72,69","73,58,78","36,38,48",319,149,1.17427179092e-10,7.783622195181877e-09,"0.187,0.21,0.213","0.486,0.416,0.431",-0.241,170,110.33333333333333,110.33333333333334,NPRL2_chr3_-_50349385_50349828_50349385_50349494_50349664_50349828_170
7120,ENSG00000114388,NPRL2,chr3,-,50349664,50350022,50349664,50349828,50349930,50350022,7120,"12,6,9","16,15,15","29,28,32","7,9,10",251,149,3.35098930826e-08,1.1675222561862878e-06,"0.308,0.192,0.263","0.711,0.649,0.655",-0.417,102,24.333333333333336,38.333333333333336,NPRL2_chr3_-_50349664_50350022_50349664_50349828_50349930_50350022_102
7121,ENSG00000114388,NPRL2,chr3,-,50349664,50350022,50349664,50349833,50349930,50350022,7121,"9,5,7","50,51,45","28,27,30","36,30,36",246,149,1.07370778935e-11,9.097233269765456e-10,"0.098,0.056,0.086","0.32,0.353,0.335",-0.256,97,55.666666666666664,62.33333333333333,NPRL2_chr3_-_50349664_50350022_50349664_50349833_50349930_50350022_97
7171,ENSG00000100316,RPL3,chr22,-,39313190,39314208,39313190,39313310,39314106,39314208,7171,"517,521,625","27,31,32","687,711,710","86,96,87",945,149,3.19365489609e-09,1.48824318157794e-07,"0.751,0.726,0.755","0.557,0.539,0.563",0.191,796,584.3333333333334,792.3333333333333,RPL3_chr22_-_39313190_39314208_39313190_39313310_39314106_39314208_796
7208,ENSG00000073050,XRCC1,chr19,-,43552796,43553091,43552796,43552908,43552981,43553091,7208,"3,13,10","127,152,141","26,44,28","95,87,86",222,149,1.0325074129000001e-14,1.4525236359589434e-12,"0.016,0.054,0.045","0.155,0.253,0.179",-0.157,73,148.66666666666666,122.0,XRCC1_chr19_-_43552796_43553091_43552796_43552908_43552981_43553091_73
7237,ENSG00000237441,RGL2,chr6,-,33293794,33294066,33293794,33293916,33294033,33294066,7237,"13,12,6","49,46,53","20,24,15","26,31,32",266,149,1.58933669484e-05,0.0002639219242032,"0.129,0.127,0.06","0.301,0.302,0.208",-0.165,117,59.66666666666667,49.333333333333336,RGL2_chr6_-_33293794_33294066_33293794_33293916_33294033_33294066_117
7241,ENSG00000112511,PHF1,chr6,+,33414724,33415144,33414724,33414829,33414954,33415144,7241,"12,21,12","29,21,26","63,50,50","13,22,18",274,149,2.81426058013e-08,1.0088041771850614e-06,"0.184,0.352,0.201","0.725,0.553,0.602",-0.381,125,40.33333333333333,72.0,PHF1_chr6_+_33414724_33415144_33414724_33414829_33414954_33415144_125
7242,ENSG00000112511,PHF1,chr6,+,33414724,33415144,33414724,33414829,33414965,33415144,7242,"18,24,14","13,19,17","71,53,59","16,12,6",285,149,1.65076462721e-07,4.697748496365557e-06,"0.42,0.398,0.301","0.699,0.698,0.837",-0.372,136,35.0,72.33333333333333,PHF1_chr6_+_33414724_33415144_33414724_33414829_33414965_33415144_136
7315,ENSG00000204351,SKIC2,chr6,+,31961040,31961675,31961040,31961094,31961546,31961675,7315,"22,15,24","0,1,0","30,28,20","5,4,1",601,149,1.92805054662e-05,0.0003104869303585,"1.0,0.788,1.0","0.598,0.634,0.832",0.241,452,20.666666666666664,29.333333333333332,SKIC2_chr6_+_31961040_31961675_31961040_31961094_31961546_31961675_452
7325,ENSG00000204351,SKIC2,chr6,+,31969279,31969751,31969279,31969420,31969514,31969751,7325,"51,42,56","53,52,51","71,54,63","35,29,38",243,149,0.000342013262162,0.0032484724620125,"0.371,0.331,0.402","0.554,0.533,0.504",-0.162,94,101.66666666666666,96.66666666666666,SKIC2_chr6_+_31969279_31969751_31969279_31969420_31969514_31969751_94
7345,ENSG00000231925,TAPBP,chr6,-,33304127,33305387,33304127,33304217,33304296,33305387,7345,"4,1,1","15,25,13","6,6,4","7,9,7",228,149,0.000160511920867,0.0017782717414329,"0.148,0.025,0.048","0.359,0.303,0.272",-0.238,79,19.666666666666668,13.0,TAPBP_chr6_-_33304127_33305387_33304127_33304217_33304296_33305387_79
7347,ENSG00000231925,TAPBP,chr6,-,33304296,33305387,33304296,33304638,33304988,33305387,7347,"3,3,7","27,41,29","14,6,7","13,7,9",499,149,6.91608961212e-07,1.6742326022067118e-05,"0.032,0.021,0.067","0.243,0.204,0.188",-0.172,350,36.66666666666667,18.666666666666664,TAPBP_chr6_-_33304296_33305387_33304296_33304638_33304988_33305387_350
7372,ENSG00000099330,OCEL1,chr19,+,17226692,17227199,17226692,17226869,17226993,17227199,7372,"47,26,30","27,27,31","42,45,31","10,14,12",273,149,0.000201467419632,0.0021306965684768,"0.487,0.345,0.346","0.696,0.637,0.585",-0.247,124,62.66666666666667,51.333333333333336,OCEL1_chr19_+_17226692_17227199_17226692_17226869_17226993_17227199_124
7627,ENSG00000179818,PCBP1-AS1,chr2,-,70085546,70086273,70085546,70085624,70085815,70086273,7627,"18,7,13","30,28,28","17,18,17","13,13,13",340,149,0.00018419524631,0.0019785609238946,"0.208,0.099,0.169","0.364,0.378,0.364",-0.21,191,41.333333333333336,30.333333333333332,PCBP1-AS1_chr2_-_70085546_70086273_70085546_70085624_70085815_70086273_191
7779,ENSG00000234741,GAS5,chr1,-,173864256,173864704,173864256,173864304,173864674,173864704,7779,"1085,1216,1213","42,46,59","1280,1271,1286","175,180,173",519,149,0.0,0.0,"0.881,0.884,0.855","0.677,0.67,0.681",0.197,370,1220.3333333333333,1455.0,GAS5_chr1_-_173864256_173864704_173864256_173864304_173864674_173864704_370
7829,ENSG00000161203,AP2M1,chr3,+,184180848,184182047,184180848,184180984,184181911,184182047,7829,"21,24,13","0,0,0","55,62,58","2,4,1",1076,149,8.36337489821e-05,0.001037559454926,"1.0,1.0,1.0","0.792,0.682,0.889",0.212,927,19.333333333333332,60.66666666666667,AP2M1_chr3_+_184180848_184182047_184180848_184180984_184181911_184182047_927
7846,ENSG00000164896,FASTK,chr7,-,151076912,151077236,151076912,151077027,151077100,151077236,7846,"71,59,69","153,123,129","120,117,113","110,71,91",222,149,1.55310653227e-10,9.731060760172371e-09,"0.237,0.244,0.264","0.423,0.525,0.455",-0.219,73,201.33333333333331,207.33333333333334,FASTK_chr7_-_151076912_151077236_151076912_151077027_151077100_151077236_73
7847,ENSG00000164896,FASTK,chr7,-,151077100,151077401,151077100,151077236,151077309,151077401,7847,"104,141,116","140,138,144","156,161,164","115,93,90",222,149,1.00520509194e-06,2.3868818998422418e-05,"0.333,0.407,0.351","0.477,0.537,0.55",-0.158,73,261.0,259.6666666666667,FASTK_chr7_-_151077100_151077401_151077100_151077236_151077309_151077401_73
7878,ENSG00000136247,ZDHHC4,chr7,+,6577433,6577720,6577433,6577498,6577589,6577720,7878,"23,31,48","47,30,56","46,46,49","33,21,21",240,149,0.000234354734024,0.0023870886569439,"0.233,0.391,0.347","0.464,0.576,0.592",-0.22,91,78.33333333333334,72.0,ZDHHC4_chr7_+_6577433_6577720_6577433_6577498_6577589_6577720_91
7987,ENSG00000009950,MLXIPL,chr7,-,73593201,73594403,73593201,73593983,73594273,73594403,7987,"23,17,25","52,35,54","50,35,35","30,24,29",439,149,1.37707451109e-07,3.9642731871378535e-06,"0.131,0.142,0.136","0.361,0.331,0.291",-0.191,290,68.66666666666667,67.66666666666667,MLXIPL_chr7_-_73593201_73594403_73593201_73593983_73594273_73594403_290
8019,ENSG00000077454,LRCH4,chr7,-,100576693,100577005,100576693,100576777,100576901,100577005,8019,"20,27,28","44,33,37","45,46,46","29,37,30",273,149,0.000423863093325,0.0038122113677095,"0.199,0.309,0.292","0.459,0.404,0.456",-0.173,124,63.0,77.66666666666666,LRCH4_chr7_-_100576693_100577005_100576693_100576777_100576901_100577005_124
8072,ENSG00000291151,NSUN5P1,chr7,+,75412788,75415023,75412788,75412932,75414884,75415023,8072,"362,457,348","24,22,33","319,310,271","48,42,45",2101,149,7.13237044617e-05,0.0009153004138837,"0.517,0.596,0.428","0.32,0.344,0.299",0.193,1952,415.3333333333333,345.0,NSUN5P1_chr7_+_75412788_75415023_75412788_75412932_75414884_75415023_1952
8089,ENSG00000231721,LINC-PINT,chr7,-,130944159,130945835,130944159,130944447,130945719,130945835,8089,"69,54,60","8,10,15","67,72,61","4,3,3",1421,149,0.000377445821129,0.0034830686756062,"0.475,0.362,0.295","0.637,0.716,0.681",-0.301,1272,72.0,70.0,LINC-PINT_chr7_-_130944159_130945835_130944159_130944447_130945719_130945835_1272
8153,ENSG00000109736,MFSD10,chr4,-,2931374,2931936,2931374,2931465,2931824,2931936,8153,"43,57,70","2,1,3","79,82,70","14,8,6",508,149,0.000995858047601,0.0076705760360672,"0.863,0.944,0.873","0.623,0.75,0.774",0.178,359,58.666666666666664,86.33333333333333,MFSD10_chr4_-_2931374_2931936_2931374_2931465_2931824_2931936_359
8161,ENSG00000188917,TRMT2B,chrX,-,101051250,101051733,101051250,101051366,101051643,101051733,8161,"15,16,9","2,3,1","14,8,10","0,0,0",426,149,0.000112574759135,0.0013135483632403,"0.724,0.651,0.759","1.0,1.0,1.0",-0.289,277,15.333333333333334,10.666666666666666,TRMT2B_chrX_-_101051250_101051733_101051250_101051366_101051643_101051733_277
8187,ENSG00000130734,ATG4D,chr19,+,10546838,10547253,10546838,10547115,10547188,10547253,8187,"5,7,10","62,59,68","19,27,15","40,33,42",222,149,1.2662923643e-07,3.746617408024127e-06,"0.051,0.074,0.09","0.242,0.354,0.193",-0.191,73,70.33333333333333,58.66666666666667,ATG4D_chr19_+_10546838_10547253_10546838_10547115_10547188_10547253_73
8236,ENSG00000072778,ACADVL,chr17,+,7222666,7223237,7222666,7222865,7223132,7223237,8236,"214,251,235","297,285,232","297,291,309","131,146,147",416,149,1.4432899320099999e-15,2.445720393878764e-13,"0.205,0.24,0.266","0.448,0.417,0.43",-0.195,267,504.66666666666663,440.33333333333337,ACADVL_chr17_+_7222666_7223237_7222666_7222865_7223132_7223237_267
8276,ENSG00000012211,PRICKLE3,chrX,-,49177992,49178475,49177992,49178179,49178271,49178475,8276,"3,3,7","51,55,52","16,10,14","23,25,22",241,149,3.78372522203e-09,1.7307641261015758e-07,"0.035,0.033,0.077","0.301,0.198,0.282",-0.212,92,57.0,36.666666666666664,PRICKLE3_chrX_-_49177992_49178475_49177992_49178179_49178271_49178475_92
8494,ENSG00000094631,HDAC6,chrX,+,48814674,48814893,48814674,48814740,48814833,48814893,8494,"13,26,28","57,51,50","47,19,26","18,28,16",242,149,0.000298337221264,0.002903919480084,"0.123,0.239,0.256","0.617,0.295,0.5",-0.265,93,75.0,51.333333333333336,HDAC6_chrX_+_48814674_48814893_48814674_48814740_48814833_48814893_93
8531,ENSG00000215301,DDX3X,chrX,+,41337407,41339083,41337407,41337465,41337690,41339083,8531,"20,34,18","5,3,3","19,20,12","13,7,12",374,149,0.000774225075347,0.0061855178076279,"0.614,0.819,0.705","0.368,0.532,0.285",0.318,225,27.666666666666668,27.666666666666664,DDX3X_chrX_+_41337407_41339083_41337407_41337465_41337690_41339083_225
8662,ENSG00000100023,PPIL2,chr22,+,21695393,21697868,21695393,21695496,21695866,21697868,8662,"70,56,63","23,17,21","108,90,78","12,11,16",519,149,0.00101299874378,0.007762506303827,"0.466,0.486,0.463","0.721,0.701,0.583",-0.197,370,83.33333333333333,105.0,PPIL2_chr22_+_21695393_21697868_21695393_21695496_21695866_21697868_370
8692,ENSG00000160948,VPS28,chr8,-,144424945,144426208,144424945,144425772,144426179,144426208,8692,"67,72,98","2,0,1","53,55,66","8,5,3",556,149,1.28843356982e-05,0.0002223740901985,"0.9,1.0,0.963","0.64,0.747,0.855",0.207,407,80.0,63.333333333333336,VPS28_chr8_-_144424945_144426208_144424945_144425772_144426179_144426208_407
8739,ENSG00000104365,IKBKB,chr8,+,42319269,42320844,42319269,42319421,42320734,42320844,8739,"126,130,166","0,0,2","124,106,128","1,3,5",1462,149,0.000391332811355,0.0035800950201998,"1.0,1.0,0.894","0.927,0.783,0.723",0.154,1313,141.33333333333331,122.33333333333333,IKBKB_chr8_+_42319269_42320844_42319269_42319421_42320734_42320844_1313
8781,ENSG00000092094,OSGEP,chr14,-,20447614,20448171,20447614,20447690,20448105,20448171,8781,"36,17,33","0,0,0","76,106,101","7,7,14",564,149,6.74519021748e-08,2.1220311502755643e-06,"1.0,1.0,1.0","0.741,0.8,0.656",0.268,415,28.666666666666668,103.66666666666666,OSGEP_chr14_-_20447614_20448171_20447614_20447690_20448105_20448171_415
8797,ENSG00000094914,AAAS,chr12,-,53315093,53315782,53315093,53315140,53315726,53315782,8797,"29,52,30","0,2,0","20,28,42","2,4,4",735,149,5.67048599508e-05,0.0007607060934682,"1.0,0.841,1.0","0.67,0.587,0.68",0.301,586,37.666666666666664,33.333333333333336,AAAS_chr12_-_53315093_53315782_53315093_53315140_53315726_53315782_586
8798,ENSG00000094914,AAAS,chr12,-,53315334,53315782,53315334,53315486,53315726,53315782,8798,"13,25,11","5,2,4","7,12,20","0,0,1",389,149,8.9247718128e-06,0.0001643039472499,"0.499,0.827,0.513","1.0,1.0,0.885",-0.349,240,20.0,13.333333333333334,AAAS_chr12_-_53315334_53315782_53315334_53315486_53315726_53315782_240
8933,ENSG00000077463,SIRT6,chr19,-,4175027,4175760,4175027,4175111,4175679,4175760,8933,"46,68,67","14,12,11","140,152,152","6,9,8",717,149,3.87152235648e-06,7.772022825028732e-05,"0.406,0.541,0.559","0.829,0.778,0.798",-0.3,568,72.66666666666667,155.66666666666666,SIRT6_chr19_-_4175027_4175760_4175027_4175111_4175679_4175760_568
8976,ENSG00000096746,HNRNPH3,chr10,+,68337198,68338687,68337198,68337333,68338502,68338687,8976,"171,223,209","38,41,52","223,222,225","173,134,141",1318,149,4.4408920985e-16,8.277822871604e-14,"0.337,0.381,0.312","0.127,0.158,0.153",0.197,1169,244.66666666666666,372.6666666666667,HNRNPH3_chr10_+_68337198_68338687_68337198_68337333_68338502_68338687_1169
9007,ENSG00000135047,CTSL,chr9,+,87728584,87729735,87728584,87728809,87729576,87729735,9007,"30,20,20","0,1,0","15,11,21","1,3,1",916,149,0.000565626165373,0.0048252959828616,"1.0,0.765,1.0","0.709,0.374,0.774",0.303,767,23.666666666666664,17.333333333333332,CTSL_chr9_+_87728584_87729735_87728584_87728809_87729576_87729735_767
9014,ENSG00000148334,PTGES2,chr9,-,128122361,128123134,128122361,128122646,128122933,128123134,9014,"60,57,72","8,4,9","80,97,74","5,3,0",436,149,0.00129565313322,0.0094989083198508,"0.719,0.83,0.732","0.845,0.917,1.0",-0.16,287,70.0,86.33333333333334,PTGES2_chr9_-_128122361_128123134_128122361_128122646_128122933_128123134_287
9018,ENSG00000166348,USP54,chr10,-,73575511,73576361,73575511,73575675,73576135,73576361,9018,"24,24,33","1,3,0","26,25,30","9,6,7",609,149,0.000244904483227,0.002470917221841,"0.854,0.662,1.0","0.414,0.505,0.512",0.362,460,28.333333333333332,34.333333333333336,USP54_chr10_-_73575511_73576361_73575511_73575675_73576135_73576361_460
9134,ENSG00000168003,SLC3A2,chr11,+,62881892,62882999,62881892,62882618,62882907,62882999,9134,"24,19,23","3,2,1","26,20,31","0,0,1",438,149,0.00118725573411,0.008843335418106,"0.731,0.764,0.887","1.0,1.0,0.913",-0.177,289,24.0,26.0,SLC3A2_chr11_+_62881892_62882999_62881892_62882618_62882907_62882999_289
9290,ENSG00000077458,FAM76B,chr11,-,95788498,95789782,95788498,95788563,95789391,95789782,9290,"45,65,48","15,14,12","32,11,25","29,24,18",977,149,6.66738395605e-08,2.1143175858982102e-06,"0.314,0.415,0.379","0.144,0.065,0.175",0.241,828,66.33333333333333,46.333333333333336,FAM76B_chr11_-_95788498_95789782_95788498_95788563_95789391_95789782_828
9359,ENSG00000182272,B4GALNT4,chr11,+,375638,375956,375638,375773,375846,375956,9359,"22,20,23","52,50,52","29,19,20","26,19,18",222,149,9.58038429338e-05,0.00115772034508,"0.221,0.212,0.229","0.428,0.402,0.427",-0.198,73,73.0,43.66666666666667,B4GALNT4_chr11_+_375638_375956_375638_375773_375846_375956_73
9366,ENSG00000166333,ILK,chr11,+,6608883,6609408,6608883,6608967,6609298,6609408,9366,"43,41,64","0,3,1","52,44,56","5,13,5",480,149,0.000135599944948,0.0015341930038426,"1.0,0.809,0.952","0.764,0.512,0.777",0.236,331,50.66666666666667,58.33333333333333,ILK_chr11_+_6608883_6609408_6608883_6608967_6609298_6609408_331
9388,ENSG00000185189,NRBP2,chr8,-,143835819,143836030,143835819,143835875,143835966,143836030,9388,"4,3,5","26,38,20","12,7,7","15,15,11",240,149,0.000104442362706,0.0012360670735491,"0.087,0.047,0.134","0.332,0.225,0.283",-0.191,91,32.0,22.333333333333332,NRBP2_chr8_-_143835819_143836030_143835819_143835875_143835966_143836030_91
9409,ENSG00000173992,CCS,chr11,+,66599115,66599636,66599115,66599253,66599458,66599636,9409,"76,77,69","48,31,51","105,81,99","36,23,26",354,149,0.00121925316468,0.0090365324014454,"0.4,0.511,0.363","0.551,0.597,0.616",-0.163,205,117.33333333333334,123.33333333333333,CCS_chr11_+_66599115_66599636_66599115_66599253_66599458_66599636_205
9436,ENSG00000077522,ACTN2,chr1,+,236734432,236737214,236734432,236734518,236737121,236737214,9436,"89,91,74","3,0,3","41,42,67","0,0,1",2752,149,0.00022535196553,0.0023147121670717,"0.616,1.0,0.572","1.0,1.0,0.784",-0.199,2603,86.66666666666667,50.333333333333336,ACTN2_chr1_+_236734432_236737214_236734432_236734518_236737121_236737214_2603
9463,ENSG00000149582,TMEM25,chr11,+,118531191,118531871,118531191,118531234,118531774,118531871,9463,"56,50,53","26,14,15","91,74,65","9,8,8",689,149,2.35353919756e-05,0.0003702107227216,"0.318,0.436,0.433","0.686,0.667,0.637",-0.268,540,71.33333333333333,85.0,TMEM25_chr11_+_118531191_118531871_118531191_118531234_118531774_118531871_540
9472,ENSG00000110492,MDK,chr11,+,46381710,46382133,46381710,46381885,46382056,46382133,9472,"94,66,86","11,24,15","122,112,173","7,9,8",320,149,6.53392558596e-05,0.0008487273374375,"0.799,0.561,0.727","0.89,0.853,0.91",-0.189,171,98.66666666666667,143.66666666666666,MDK_chr11_+_46381710_46382133_46381710_46381885_46382056_46382133_171
9566,ENSG00000132017,DCAF15,chr19,+,13960286,13960580,13960286,13960391,13960464,13960580,9566,"28,28,28","87,88,99","64,63,65","80,69,77",222,149,3.94959909222e-09,1.7739886043127906e-07,"0.178,0.176,0.16","0.349,0.38,0.362",-0.192,73,119.33333333333333,139.33333333333331,DCAF15_chr19_+_13960286_13960580_13960286_13960391_13960464_13960580_73
9586,ENSG00000182173,TSEN54,chr17,+,75516745,75517072,75516745,75516910,75517008,75517072,9586,"3,8,6","85,89,90","27,28,24","73,62,71",247,149,3.12583292583e-12,2.877309912961541e-10,"0.021,0.051,0.039","0.182,0.214,0.169",-0.151,98,93.66666666666667,95.0,TSEN54_chr17_+_75516745_75517072_75516745_75516910_75517008_75517072_98
9661,ENSG00000166452,AKIP1,chr11,+,8911188,8911671,8911188,8911223,8911443,8911671,9661,"71,65,73","62,54,72","100,94,86","39,40,55",369,149,0.00050292759204,0.0044012067209509,"0.316,0.327,0.29","0.509,0.487,0.387",-0.15,220,132.33333333333334,138.0,AKIP1_chr11_+_8911188_8911671_8911188_8911223_8911443_8911671_220
9848,ENSG00000107862,GBF1,chr10,+,102379852,102380686,102379852,102379954,102380505,102380686,9848,"28,37,29","0,0,0","78,71,72","2,3,7",700,149,3.18202331873e-06,6.672451116459506e-05,"1.0,1.0,1.0","0.892,0.834,0.686",0.196,551,31.333333333333332,77.66666666666667,GBF1_chr10_+_102379852_102380686_102379852_102379954_102380505_102380686_551
9916,ENSG00000110811,P3H3,chr12,+,6833591,6834049,6833591,6833644,6833924,6834049,9916,"9,13,7","1,0,1","27,22,14","5,6,5",429,149,0.000314889698478,0.0030372801964449,"0.758,1.0,0.709","0.652,0.56,0.493",0.254,280,10.333333333333332,26.333333333333332,P3H3_chr12_+_6833591_6834049_6833591_6833644_6833924_6834049_280
9979,ENSG00000182199,SHMT2,chr12,+,57230802,57231913,57230802,57231000,57231712,57231913,9979,"105,90,85","25,21,23","69,70,84","90,88,75",861,149,0.0,0.0,"0.421,0.426,0.39","0.117,0.121,0.162",0.279,712,116.33333333333333,158.66666666666666,SHMT2_chr12_+_57230802_57231913_57230802_57231000_57231712_57231913_712
10010,ENSG00000102225,CDK16,chrX,+,47226993,47227223,47226993,47227099,47227159,47227223,10010,"17,20,18","15,12,8","61,63,53","11,11,13",209,149,0.000207328963491,0.0021741838984372,"0.447,0.543,0.616","0.798,0.803,0.744",-0.246,60,30.0,70.66666666666667,CDK16_chrX_+_47226993_47227223_47226993_47227099_47227159_47227223_60
10071,ENSG00000002016,RAD52,chr12,-,916343,916820,916343,916532,916638,916820,10071,"5,11,9","5,5,5","15,20,18","4,1,1",255,149,0.000791055321294,0.0063013979439829,"0.369,0.562,0.513","0.687,0.921,0.913",-0.359,106,13.333333333333334,19.666666666666668,RAD52_chr12_-_916343_916820_916343_916532_916638_916820_106
10073,ENSG00000002016,RAD52,chr12,-,926795,927263,926795,926946,927144,927263,10073,"24,23,19","27,18,20","7,7,8","23,23,19",347,149,0.000132502896743,0.0015104548308665,"0.276,0.354,0.29","0.116,0.116,0.153",0.178,198,43.66666666666667,29.0,RAD52_chr12_-_926795_927263_926795_926946_927144_927263_198
10116,ENSG00000288663,,chr12,+,53303033,53306861,53303033,53303193,53306679,53306861,10116,"96,116,81","0,1,0","185,136,152","2,6,4",3635,149,9.67755044867e-06,0.0001747114192379,"1.0,0.826,1.0","0.791,0.482,0.609",0.315,3486,98.0,161.66666666666666,nan_chr12_+_53303033_53306861_53303033_53303193_53306679_53306861_3486
10143,ENSG00000139372,TDG,chr12,+,103982798,103983389,103982798,103982934,103983294,103983389,10143,"14,29,20","0,0,2","12,12,13","7,4,4",509,149,3.42290574884e-07,9.018086665495068e-06,"1.0,1.0,0.745","0.334,0.468,0.488",0.485,360,21.666666666666668,17.333333333333336,TDG_chr12_+_103982798_103983389_103982798_103982934_103983294_103983389_360
10159,ENSG00000174233,ADCY6,chr12,-,48773468,48774098,48773468,48773647,48773939,48774098,10159,"14,13,10","20,24,18","24,32,17","5,19,12",441,149,0.000585240648821,0.0049642255717967,"0.191,0.155,0.158","0.619,0.363,0.324",-0.267,292,33.0,36.33333333333333,ADCY6_chr12_-_48773468_48774098_48773468_48773647_48773939_48774098_292
10178,ENSG00000111300,NAA25,chr12,-,112039228,112040578,112039228,112039339,112040480,112040578,10178,"118,137,133","38,42,38","48,65,54","46,41,51",1290,149,7.13615211367e-09,2.979783853552858e-07,"0.264,0.274,0.288","0.108,0.155,0.109",0.151,1141,168.66666666666669,101.66666666666666,NAA25_chr12_-_112039228_112040578_112039228_112039339_112040480_112040578_1141
10180,ENSG00000284770,TBCE,chr1,+,235435744,235436608,235435744,235435840,235436543,235436608,10180,"27,25,21","0,0,0","24,28,38","4,2,6",852,149,2.31338848078e-09,1.1347779284668214e-07,"1.0,1.0,1.0","0.512,0.71,0.526",0.417,703,24.333333333333332,34.0,TBCE_chr1_+_235435744_235436608_235435744_235435840_235436543_235436608_703
10187,ENSG00000007392,LUC7L,chr16,-,227241,228402,227241,227336,228332,228402,10187,"212,270,292","27,19,20","195,184,199","28,46,38",1145,149,0.000336933622064,0.0032043075077923,"0.505,0.649,0.655","0.475,0.342,0.405",0.196,996,280.0,230.0,LUC7L_chr16_-_227241_228402_227241_227336_228332_228402_996
10212,ENSG00000135473,PAN2,chr12,-,56319087,56319487,56319087,56319181,56319307,56319487,10212,"104,128,127","78,70,67","105,101,89","21,36,24",275,149,2.99153662646e-05,0.000452431989592,"0.419,0.498,0.507","0.73,0.603,0.668",-0.192,126,191.33333333333334,125.33333333333333,PAN2_chr12_-_56319087_56319487_56319087_56319181_56319307_56319487_126
